epoch,bpm_out_loss,bpm_out_mae,cls_out_accuracy,cls_out_auc,cls_out_loss,cls_out_precision,cls_out_recall,learning_rate,loss,sqi_out_loss,sqi_out_mae,val_bpm_out_loss,val_bpm_out_mae,val_cls_out_accuracy,val_cls_out_auc,val_cls_out_loss,val_cls_out_precision,val_cls_out_recall,val_loss,val_sqi_out_loss,val_sqi_out_mae
0,0.09421134740114212,0.25911110639572144,0.9248006343841553,0.9448245167732239,0.07506970316171646,0.9511780142784119,0.8494949340820312,0.0005000000237487257,0.11267748475074768,0.046813271939754486,0.15234224498271942,0.09202829003334045,0.2596071660518646,0.9009034037590027,0.9436286687850952,0.15449191629886627,0.9009034037590027,0.9009034037590027,0.1863153576850891,0.020619001239538193,0.10572444647550583
1,0.08527889847755432,0.24248310923576355,0.9525743126869202,0.9513144493103027,0.05027348920702934,0.9710494875907898,0.8672893047332764,0.0005000000237487257,0.0842161476612091,0.04176226630806923,0.13973772525787354,0.07337303459644318,0.23063603043556213,0.9237381219863892,0.9506863355636597,0.13419677317142487,0.9237381219863892,0.9237381219863892,0.1580522358417511,0.008775650523602962,0.07432205975055695
2,0.08078078180551529,0.23213812708854675,0.962378978729248,0.952247142791748,0.04022733122110367,0.9783846735954285,0.8734554052352905,0.0005000000237487257,0.07255145162343979,0.04043153300881386,0.1343611180782318,0.0668729692697525,0.2200753539800644,0.9161198735237122,0.9529337286949158,0.14218547940254211,0.9161198735237122,0.9161198735237122,0.1646391749382019,0.01201538648456335,0.08408454805612564
3,0.07854864001274109,0.22690433263778687,0.9682080745697021,0.9521157741546631,0.035238612443208694,0.9815309643745422,0.8769468665122986,0.0005000000237487257,0.06689592450857162,0.04045902565121651,0.13379104435443878,0.06256285309791565,0.21083927154541016,0.8354705572128296,0.902900755405426,0.20046889781951904,0.8354705572128296,0.8354705572128296,0.22170032560825348,0.012314856983721256,0.0871260017156601
4,0.07642082870006561,0.2223697453737259,0.9706897139549255,0.953138530254364,0.03217924386262894,0.9834150671958923,0.8775020241737366,0.0005000000237487257,0.06311574578285217,0.04005127772688866,0.13257931172847748,0.06081783398985863,0.2049986720085144,0.8417924642562866,0.918764591217041,0.1980859786272049,0.8417924642562866,0.8417924642562866,0.21809318661689758,0.008220464922487736,0.07501045614480972
5,0.07496125996112823,0.21850381791591644,0.9720921516418457,0.9538484215736389,0.030716434121131897,0.9844515919685364,0.8796138167381287,0.0005000000237487257,0.06116676703095436,0.03982478007674217,0.13207492232322693,0.05979619175195694,0.206512913107872,0.8901342153549194,0.9551286101341248,0.12398957461118698,0.8901342153549194,0.8901342153549194,0.14405091106891632,0.010275693610310555,0.08552799373865128
6,0.07386962324380875,0.21545110642910004,0.9748116135597229,0.9537079930305481,0.02864273265004158,0.9859698414802551,0.8795567750930786,0.0005000000237487257,0.058668192476034164,0.03931485489010811,0.13091325759887695,0.05565058812499046,0.19476783275604248,0.8262968063354492,0.9199845790863037,0.20344989001750946,0.8262968063354492,0.8262968063354492,0.22273790836334229,0.013011730276048183,0.0862824097275734
7,0.07319698482751846,0.21424520015716553,0.9752628207206726,0.9539178013801575,0.02769257314503193,0.98619544506073,0.8798298239707947,0.0005000000237487257,0.0575280487537384,0.039370015263557434,0.13034243881702423,0.052865222096443176,0.19266104698181152,0.8677582144737244,0.9486466646194458,0.14536471664905548,0.8677582144737244,0.8677582144737244,0.1636744737625122,0.011755021288990974,0.08742542564868927
8,0.07287906855344772,0.2130810022354126,0.9763725399971008,0.9554525017738342,0.02614717371761799,0.9870734810829163,0.8820141553878784,0.0005000000237487257,0.05587175115942955,0.03930690139532089,0.13060373067855835,0.05067762732505798,0.186540886759758,0.8917296528816223,0.9593929052352905,0.1408877670764923,0.8917296528816223,0.8917296528816223,0.1576150357723236,0.007125212345272303,0.07340191304683685
9,0.07139474153518677,0.20964477956295013,0.9774029850959778,0.9559208154678345,0.025692537426948547,0.9875734448432922,0.882331132888794,0.0005000000237487257,0.054928310215473175,0.03909311443567276,0.13045553863048553,0.05243387073278427,0.19344763457775116,0.9417067170143127,0.9726999998092651,0.10308603197336197,0.9417067170143127,0.9417067170143127,0.12075313180685043,0.009321503341197968,0.07889086753129959
10,0.07103055715560913,0.20828086137771606,0.977762758731842,0.9548138380050659,0.024898437783122063,0.9882685542106628,0.8813437819480896,0.0005000000237487257,0.053996969014406204,0.03894051909446716,0.12945890426635742,0.05357072874903679,0.19468113780021667,0.93416827917099,0.9739492535591125,0.0993281900882721,0.93416827917099,0.93416827917099,0.11725160479545593,0.008932691067457199,0.0796954482793808
11,0.07040242105722427,0.20655424892902374,0.9778724908828735,0.9558446407318115,0.02460166998207569,0.9881588220596313,0.8819844722747803,0.0005000000237487257,0.053481344133615494,0.03879934176802635,0.12936973571777344,0.05209239572286606,0.18937832117080688,0.8963564038276672,0.9635389447212219,0.12852901220321655,0.8963564038276672,0.8963564038276672,0.1456160843372345,0.0070501030422747135,0.06910287588834763
12,0.07053890824317932,0.20708422362804413,0.9784334301948547,0.9555562734603882,0.024531468749046326,0.9884941577911377,0.8818374872207642,0.0005000000237487257,0.05354106053709984,0.03923729062080383,0.1301773339509964,0.05211235582828522,0.19001120328903198,0.8657639026641846,0.9470219612121582,0.154015451669693,0.8657639026641846,0.8657639026641846,0.17231613397598267,0.0127872871235013,0.09472577273845673
13,0.06933624297380447,0.20440903306007385,0.9793297648429871,0.955868661403656,0.023380691185593605,0.9890551567077637,0.8822898864746094,0.0005000000237487257,0.051948003470897675,0.038836535066366196,0.12962675094604492,0.05389142036437988,0.19420206546783447,0.9143649339675903,0.9725261330604553,0.10414405912160873,0.9143649339675903,0.9143649339675903,0.12277574837207794,0.011938653886318207,0.08660967648029327
14,0.06919999420642853,0.20339033007621765,0.9791773557662964,0.9565404057502747,0.023159917443990707,0.9888966083526611,0.8832053542137146,0.0005000000237487257,0.05171355977654457,0.0389707013964653,0.12991316616535187,0.05530095472931862,0.19992220401763916,0.9240372776985168,0.9728119969367981,0.09368354082107544,0.9240372776985168,0.9240372776985168,0.11215400695800781,0.009119482710957527,0.07572999596595764
15,0.06883803009986877,0.20286300778388977,0.9807504415512085,0.9564970135688782,0.022093769162893295,0.9897197484970093,0.883579671382904,0.0005000000237487257,0.050473861396312714,0.03868236392736435,0.1290115863084793,0.05301116034388542,0.19230692088603973,0.9005045294761658,0.9673229455947876,0.1127837598323822,0.9005045294761658,0.9005045294761658,0.13048680126667023,0.00862231757491827,0.07357072830200195
16,0.0686294287443161,0.2017645388841629,0.9808236360549927,0.9560700058937073,0.021922463551163673,0.9898477792739868,0.88483065366745,0.0005000000237487257,0.050291478633880615,0.03890027105808258,0.12969639897346497,0.05006538704037666,0.1876327395439148,0.90586918592453,0.9741951823234558,0.09729877859354019,0.90586918592453,0.90586918592453,0.11408296227455139,0.008485248312354088,0.07481168210506439
17,0.0686127245426178,0.20139600336551666,0.9813480377197266,0.9563974738121033,0.02172395959496498,0.9900124669075012,0.8835763931274414,0.0005000000237487257,0.049987394362688065,0.03841075673699379,0.1283082813024521,0.05123011767864227,0.19104699790477753,0.8493707776069641,0.9466429352760315,0.1296251118183136,0.8493707776069641,0.8493707776069641,0.14682576060295105,0.008810876868665218,0.07789809256792068
18,0.06800980865955353,0.19997325539588928,0.981158971786499,0.9564990401268005,0.021293992176651955,0.9902319312095642,0.883810818195343,0.0005000000237487257,0.04943716526031494,0.038694001734256744,0.12852634489536285,0.05112299695611,0.1900317668914795,0.9172366857528687,0.9712084531784058,0.1028662770986557,0.9172366857528687,0.9172366857528687,0.1197381317615509,0.007325651124119759,0.07095149904489517
19,0.06832531094551086,0.20058108866214752,0.9822321534156799,0.9570135474205017,0.020693210884928703,0.9907441139221191,0.8848795294761658,0.0005000000237487257,0.048952944576740265,0.0388115830719471,0.12924720346927643,0.04834512248635292,0.1838850975036621,0.9036954045295715,0.9680091738700867,0.10462000966072083,0.9036954045295715,0.9036954045295715,0.12118338793516159,0.010132311843335629,0.0773652195930481
20,0.06780598312616348,0.1991805136203766,0.9818906784057617,0.9564058184623718,0.02073490247130394,0.9908356070518494,0.8842244744300842,0.0005000000237487257,0.04874003306031227,0.038309819996356964,0.12763294577598572,0.04779117926955223,0.1834161877632141,0.8403964638710022,0.9337933659553528,0.16595619916915894,0.8403964638710022,0.8403964638710022,0.1819518804550171,0.0077581885270774364,0.07151930779218674
21,0.06797346472740173,0.19954834878444672,0.9820736050605774,0.9566042423248291,0.02024555578827858,0.9911892414093018,0.8850457072257996,0.0005000000237487257,0.0483100451529026,0.03835778683423996,0.12816978991031647,0.048233792185783386,0.18209537863731384,0.8563708066940308,0.9436340928077698,0.1602812111377716,0.8563708066940308,0.8563708066940308,0.17626698315143585,0.007208819501101971,0.07030520588159561
22,0.06777816265821457,0.19901786744594574,0.9825918674468994,0.9559318423271179,0.019932301715016365,0.9911343455314636,0.8841975927352905,0.0005000000237487257,0.04790749400854111,0.03822244331240654,0.1277335286140442,0.048810385167598724,0.18208058178424835,0.8443451523780823,0.9395151734352112,0.15408006310462952,0.8443451523780823,0.8443451523780823,0.1704988330602646,0.008354145102202892,0.07437749207019806
23,0.06727274507284164,0.1985950618982315,0.9831101894378662,0.9559711217880249,0.019308194518089294,0.9916404485702515,0.8845913410186768,0.0002500000118743628,0.04722429811954498,0.038684774190187454,0.12848131358623505,0.05008494108915329,0.18342171609401703,0.9002054333686829,0.9692357778549194,0.10095027834177017,0.9002054333686829,0.9002054333686829,0.11759859323501587,0.007965566590428352,0.07380075007677078
24,0.06686097383499146,0.19732820987701416,0.9835430979728699,0.9575475454330444,0.019023284316062927,0.9916953444480896,0.8855747580528259,0.0002500000118743628,0.046684958040714264,0.038022879511117935,0.1273483783006668,0.05316956341266632,0.1883898824453354,0.9230600595474243,0.9807238578796387,0.07703448086977005,0.9230600595474243,0.9230600595474243,0.09496159106492996,0.009596740826964378,0.07539986819028854
25,0.0664706602692604,0.1957705020904541,0.9840309023857117,0.957423985004425,0.018300479277968407,0.9919453263282776,0.8865606784820557,0.0002500000118743628,0.045885272324085236,0.03822020813822746,0.1273612380027771,0.04879502207040787,0.18208296597003937,0.9082623720169067,0.9750828742980957,0.1040523499250412,0.9082623720169067,0.9082623720169067,0.12060385942459106,0.009218149818480015,0.0739307627081871
26,0.06612170487642288,0.1952710896730423,0.983835756778717,0.9568485617637634,0.018551278859376907,0.9922685027122498,0.884781002998352,0.0002500000118743628,0.04597901552915573,0.03795129060745239,0.12683050334453583,0.048839159309864044,0.18115384876728058,0.9119119048118591,0.9744306802749634,0.09648516029119492,0.9119119048118591,0.9119119048118591,0.11347124725580215,0.011339210905134678,0.08146818727254868
27,0.0665646642446518,0.19619396328926086,0.9841955304145813,0.9564324617385864,0.017849642783403397,0.9921526312828064,0.8849038481712341,0.0002500000118743628,0.0454830527305603,0.03835514560341835,0.1280912458896637,0.04839617386460304,0.18067726492881775,0.9026584029197693,0.9705172181129456,0.10041861981153488,0.9026584029197693,0.9026584029197693,0.11700576543807983,0.010003641247749329,0.0770866721868515
28,0.06618014723062515,0.19513675570487976,0.984616219997406,0.9573284983634949,0.017738014459609985,0.9925306439399719,0.8863158822059631,0.0002500000118743628,0.0452435277402401,0.03826220706105232,0.1273527443408966,0.05003237724304199,0.18493090569972992,0.9110543727874756,0.9744506478309631,0.09461383521556854,0.9110543727874756,0.9110543727874756,0.1113087385892868,0.008097821846604347,0.07028830796480179
29,0.06631184369325638,0.19540822505950928,0.9846101403236389,0.9583477973937988,0.017409224063158035,0.992597758769989,0.8872840404510498,0.0002500000118743628,0.04496326670050621,0.038309913128614426,0.12739114463329315,0.04681273549795151,0.17469145357608795,0.9008834958076477,0.9707888960838318,0.11364378035068512,0.9008834958076477,0.9008834958076477,0.12960819900035858,0.00923741701990366,0.07621858268976212
30,0.06619574874639511,0.19522815942764282,0.984665036201477,0.9570266008377075,0.01717015542089939,0.9927257895469666,0.8861379027366638,0.0002500000118743628,0.044640570878982544,0.038064684718847275,0.12675116956233978,0.047681957483291626,0.17859914898872375,0.877011775970459,0.9578245282173157,0.11986862868070602,0.877011775970459,0.877011775970459,0.13595198094844818,0.008540264330804348,0.0731310173869133
31,0.06586432456970215,0.19455493986606598,0.9850552678108215,0.957097589969635,0.016905566677451134,0.9926952719688416,0.8869989514350891,0.0002500000118743628,0.04429345577955246,0.03815225511789322,0.12727832794189453,0.04824116826057434,0.1802687793970108,0.9170970916748047,0.9774073362350464,0.08790196478366852,0.9170970916748047,0.9170970916748047,0.10447525978088379,0.01019449532032013,0.07912265509366989
32,0.06617758423089981,0.1950191855430603,0.9852381944656372,0.9573687314987183,0.016735462471842766,0.9929208755493164,0.8864182233810425,0.0002500000118743628,0.044228509068489075,0.038219891488552094,0.12727788090705872,0.04909851774573326,0.180824875831604,0.8252996206283569,0.926895022392273,0.19918009638786316,0.8252996206283569,0.8252996206283569,0.21595454216003418,0.009658081457018852,0.07736316323280334
33,0.06579422205686569,0.19438086450099945,0.9853662252426147,0.9570072293281555,0.017125755548477173,0.9930550456047058,0.8863160014152527,0.0001250000059371814,0.04446883127093315,0.0380697101354599,0.12712667882442474,0.04779849201440811,0.17725981771945953,0.8939632773399353,0.9659922122955322,0.10872811079025269,0.8939632773399353,0.8939632773399353,0.12499099969863892,0.009267724119126797,0.07540743798017502
34,0.0656190887093544,0.19400016963481903,0.9858174324035645,0.9566366672515869,0.0162326879799366,0.9935916066169739,0.8862788677215576,0.0001250000059371814,0.04355219006538391,0.03817790746688843,0.12685416638851166,0.04806729778647423,0.1762080192565918,0.8884390592575073,0.9650229811668396,0.11667872220277786,0.8884390592575073,0.8884390592575073,0.13304810225963593,0.009485248476266861,0.0770406648516655
35,0.06563808023929596,0.1937340497970581,0.9859210848808289,0.9567297101020813,0.01601039245724678,0.9934391975402832,0.8874461054801941,0.0001250000059371814,0.04329342395067215,0.037954412400722504,0.12636511027812958,0.04825986549258232,0.1768239140510559,0.9217637777328491,0.9778076410293579,0.08945223689079285,0.9217637777328491,0.9217637777328491,0.10585551708936691,0.009308542124927044,0.07491573691368103
36,0.06535223126411438,0.19271431863307953,0.9857686161994934,0.9574443101882935,0.01601334474980831,0.9934086799621582,0.887322187423706,0.0001250000059371814,0.04316248744726181,0.03775247931480408,0.12604528665542603,0.04872104153037071,0.17892801761627197,0.9054105281829834,0.9740304946899414,0.10402378439903259,0.9054105281829834,0.9054105281829834,0.1208241879940033,0.010547601617872715,0.0777624249458313
37,0.06562841683626175,0.19353508949279785,0.9857198596000671,0.9567581415176392,0.01591034233570099,0.9936952590942383,0.8859520554542542,0.0001250000059371814,0.043251004070043564,0.038267504423856735,0.12701736390590668,0.0483974888920784,0.17763401567935944,0.9341284036636353,0.982181966304779,0.07780004292726517,0.9341284036636353,0.9341284036636353,0.09422048926353455,0.009248405694961548,0.07534254342317581
38,0.06520681083202362,0.19258853793144226,0.9859820604324341,0.9570033550262451,0.01622476615011692,0.9935001730918884,0.8870946764945984,0.0001250000059371814,0.043412335216999054,0.0381174273788929,0.12683334946632385,0.04947947338223457,0.17992110550403595,0.9111740589141846,0.9741325378417969,0.09845133870840073,0.9111740589141846,0.9111740589141846,0.11534818261861801,0.009994558058679104,0.07722312211990356
39,0.06550547480583191,0.19324991106987,0.9863173961639404,0.956836462020874,0.015789695084095,0.9940489530563354,0.8882084488868713,0.0001250000059371814,0.04304537549614906,0.038021836429834366,0.12682951986789703,0.04832102730870247,0.1763467788696289,0.8945814967155457,0.967692494392395,0.11685625463724136,0.8945814967155457,0.8945814967155457,0.13334254920482635,0.009742777794599533,0.07644889503717422
40,0.06495380401611328,0.19204692542552948,0.9863052368164062,0.955913245677948,0.01573656126856804,0.9938111305236816,0.8869473934173584,0.0001250000059371814,0.04279644414782524,0.03787144273519516,0.12636466324329376,0.048267997801303864,0.17703545093536377,0.9108350276947021,0.9722253680229187,0.10432885587215424,0.9108350276947021,0.9108350276947021,0.12057819217443466,0.008600746281445026,0.07385547459125519
41,0.06513738632202148,0.19240054488182068,0.9863783717155457,0.9572110176086426,0.015410441905260086,0.9937684535980225,0.8887858986854553,0.0001250000059371814,0.04254340007901192,0.03796544671058655,0.1262860894203186,0.04826736077666283,0.17852063477039337,0.9262908101081848,0.9807605147361755,0.08541867136955261,0.9262908101081848,0.9262908101081848,0.1019405946135521,0.0099162133410573,0.07654249668121338
42,0.06522176414728165,0.19277888536453247,0.986225962638855,0.957220196723938,0.015930749475955963,0.993878185749054,0.8874273896217346,0.0001250000059371814,0.0431554839015007,0.038299866020679474,0.12711606919765472,0.048485565930604935,0.17769575119018555,0.9106554985046387,0.9759868383407593,0.09765511751174927,0.9106554985046387,0.9106554985046387,0.11425244808197021,0.010043160058557987,0.0778651162981987
43,0.06530950218439102,0.19292783737182617,0.9865186214447021,0.9574065208435059,0.015307300724089146,0.9940184354782104,0.8884862065315247,0.0001250000059371814,0.04244821146130562,0.03776799142360687,0.1263781636953354,0.048846449702978134,0.17946064472198486,0.908082902431488,0.971285879611969,0.1100369244813919,0.908082902431488,0.908082902431488,0.12661948800086975,0.009332804940640926,0.0755559504032135
44,0.065541110932827,0.19340795278549194,0.986725926399231,0.9566923379898071,0.015420597046613693,0.9940001368522644,0.8879085183143616,0.0001250000059371814,0.04264586418867111,0.037803635001182556,0.12565159797668457,0.05027367174625397,0.18199217319488525,0.8936840891838074,0.9665371775627136,0.12981975078582764,0.8936840891838074,0.8936840891838074,0.14662186801433563,0.00838432740420103,0.07256874442100525
45,0.06483694165945053,0.1916695535182953,0.986774742603302,0.9562299847602844,0.015108492225408554,0.9942867159843445,0.8868120312690735,0.0001250000059371814,0.042141545563936234,0.037907909601926804,0.12638455629348755,0.04746858775615692,0.1751594990491867,0.8976128101348877,0.9691856503486633,0.10916706919670105,0.8976128101348877,0.8976128101348877,0.12547321617603302,0.010095858946442604,0.07805054634809494
46,0.06493890285491943,0.19230890274047852,0.9861588478088379,0.9564363956451416,0.01553093921393156,0.9938050508499146,0.8863776326179504,6.25000029685907e-05,0.042671721428632736,0.038314338773489,0.12759219110012054,0.047788266092538834,0.17604497075080872,0.9215044975280762,0.9763893485069275,0.0905618742108345,0.9215044975280762,0.9215044975280762,0.10705336183309555,0.010582787916064262,0.0800551325082779
47,0.06481349468231201,0.19154515862464905,0.9864576458930969,0.957037627696991,0.015358539298176765,0.9941220879554749,0.8878239989280701,6.25000029685907e-05,0.0423564612865448,0.037796735763549805,0.1258743703365326,0.047807615250349045,0.17518489062786102,0.9043934345245361,0.9679323434829712,0.12020234763622284,0.9043934345245361,0.9043934345245361,0.1364968866109848,0.009451698511838913,0.07723177969455719
48,0.06495605409145355,0.19156979024410248,0.9861588478088379,0.9573346376419067,0.015497047454118729,0.9937013983726501,0.8883092999458313,6.25000029685907e-05,0.04255300760269165,0.03785859793424606,0.1263277530670166,0.04850613698363304,0.17786042392253876,0.9073449969291687,0.9708518981933594,0.11148124933242798,0.9073449969291687,0.9073449969291687,0.12790372967720032,0.00926552340388298,0.07617973536252975
49,0.065196193754673,0.1920250803232193,0.9866710305213928,0.956235945224762,0.014923595823347569,0.9941160082817078,0.8862549066543579,6.25000029685907e-05,0.04202795773744583,0.03774339705705643,0.12617896497249603,0.0481700524687767,0.17573368549346924,0.9090999960899353,0.973723828792572,0.11179760843515396,0.9090999960899353,0.9090999960899353,0.1281656175851822,0.009389802813529968,0.07677590101957321
50,0.06456996500492096,0.1909233033657074,0.9868234992027283,0.956609308719635,0.015045134350657463,0.9939696788787842,0.8871806263923645,6.25000029685907e-05,0.04209543392062187,0.03841330483555794,0.1275249868631363,0.04877256229519844,0.17735370993614197,0.9090401530265808,0.9720446467399597,0.10986451804637909,0.9090401530265808,0.9090401530265808,0.1265956461429596,0.010115111246705055,0.07943758368492126
51,0.06525638699531555,0.19246292114257812,0.9871527552604675,0.9567650556564331,0.015022086910903454,0.9945306181907654,0.888213038444519,6.25000029685907e-05,0.042165983468294144,0.037843987345695496,0.12649880349636078,0.0486077181994915,0.1769937425851822,0.8958777785301208,0.9644373059272766,0.13623842597007751,0.8958777785301208,0.8958777785301208,0.15272681415081024,0.009162447415292263,0.07609998434782028
52,0.06503257900476456,0.19210736453533173,0.9871100783348083,0.9569792747497559,0.01481418963521719,0.994426965713501,0.8874632120132446,6.25000029685907e-05,0.04185396060347557,0.03764703869819641,0.12585458159446716,0.048413023352622986,0.17724385857582092,0.8875815272331238,0.9597545266151428,0.14125685393810272,0.8875815272331238,0.8875815272331238,0.15765027701854706,0.009179496206343174,0.07643283158540726
53,0.06469038128852844,0.19110934436321259,0.9870003461837769,0.9567681550979614,0.014788500964641571,0.994426965713501,0.8877192139625549,6.25000029685907e-05,0.04185659810900688,0.03831131383776665,0.1273060292005539,0.04820617288351059,0.17589342594146729,0.9133278727531433,0.9759436249732971,0.09762153774499893,0.9133278727531433,0.9133278727531433,0.11404262483119965,0.009455084800720215,0.07652878016233444
54,0.0644749104976654,0.19125579297542572,0.987274706363678,0.9574819207191467,0.014617166481912136,0.9945062398910522,0.8886752128601074,3.125000148429535e-05,0.04158305376768112,0.03812035173177719,0.1272592395544052,0.04783879593014717,0.1754101663827896,0.91705721616745,0.9747332334518433,0.10053058713674545,0.91705721616745,0.91705721616745,0.1167750209569931,0.009127137251198292,0.07662690430879593
55,0.06459761410951614,0.19090549647808075,0.9870612621307373,0.9562282562255859,0.014467515051364899,0.994426965713501,0.8870818614959717,3.125000148429535e-05,0.04144027829170227,0.038025084882974625,0.12724441289901733,0.04702352359890938,0.1730961948633194,0.9102168083190918,0.9735305309295654,0.1072683036327362,0.9102168083190918,0.9102168083190918,0.12329930812120438,0.009244919754564762,0.0770503431558609
56,0.06444277614355087,0.19100461900234222,0.9868052005767822,0.9564327001571655,0.01467082742601633,0.9944879412651062,0.8871410489082336,3.125000148429535e-05,0.041665781289339066,0.03831561282277107,0.12790827453136444,0.047517016530036926,0.1734664887189865,0.9131683111190796,0.9745756983757019,0.10332882404327393,0.9131683111190796,0.9131683111190796,0.11943861097097397,0.008927070535719395,0.07668755203485489
57,0.06458546966314316,0.1909964680671692,0.9871283769607544,0.9566565752029419,0.014655133709311485,0.9943965077400208,0.8880062103271484,3.125000148429535e-05,0.04167467728257179,0.038221243768930435,0.12744013965129852,0.04780576750636101,0.1747799664735794,0.9228007793426514,0.9785508513450623,0.0899081602692604,0.9228007793426514,0.9228007793426514,0.10604874044656754,0.008675184100866318,0.07570046186447144
