tag,role,format,aami,n,n_abn,abn_fraction,class_auc,global_auc,recall@0.35,recall@0.50,recall@0.60,recall@0.65,global_precision@0.35,global_precision@0.50,global_precision@0.60,global_precision@0.65,global_far@0.35,global_far@0.50,global_far@0.60,global_far@0.65
exp5_patient_clean,patient_level_research_baseline,h5_float32,N,20981,0,0.0,,0.948573,,,,,0.316818,0.365734,0.40137,0.419087,0.254027,0.202046,0.171925,0.158735
exp5_patient_clean,patient_level_research_baseline,h5_float32,S,302,302,1.0,,0.948573,0.986755,0.980132,0.963576,0.960265,0.316818,0.365734,0.40137,0.419087,0.254027,0.202046,0.171925,0.158735
exp5_patient_clean,patient_level_research_baseline,h5_float32,V,2590,2590,1.0,,0.948573,0.987259,0.974903,0.964865,0.954826,0.316818,0.365734,0.40137,0.419087,0.254027,0.202046,0.171925,0.158735
exp5_patient_clean,patient_level_research_baseline,h5_float32,F,389,389,1.0,,0.948573,0.745501,0.712082,0.686375,0.676093,0.316818,0.365734,0.40137,0.419087,0.254027,0.202046,0.171925,0.158735
exp5_patient_clean,patient_level_research_baseline,h5_float32,Q,0,0,,,0.948573,,,,,0.316818,0.365734,0.40137,0.419087,0.254027,0.202046,0.171925,0.158735
exp5_patient_clean,patient_level_research_baseline,h5_float32,ALL,51883,5636,0.108629,,0.948573,0.966643,0.955997,0.945884,0.939674,0.316818,0.365734,0.40137,0.419087,0.254027,0.202046,0.171925,0.158735
exp6_sgd,deploy_chain_retrain,h5_float32,N,20981,0,0.0,,0.912206,,,,,0.284332,0.323641,0.350705,0.36605,0.284754,0.231864,0.202046,0.186866
exp6_sgd,deploy_chain_retrain,h5_float32,S,302,302,1.0,,0.912206,0.913907,0.887417,0.860927,0.854305,0.284332,0.323641,0.350705,0.36605,0.284754,0.231864,0.202046,0.186866
exp6_sgd,deploy_chain_retrain,h5_float32,V,2590,2590,1.0,,0.912206,0.971815,0.956371,0.944015,0.934749,0.284332,0.323641,0.350705,0.36605,0.284754,0.231864,0.202046,0.186866
exp6_sgd,deploy_chain_retrain,h5_float32,F,389,389,1.0,,0.912206,0.473008,0.426735,0.393316,0.377892,0.284332,0.323641,0.350705,0.36605,0.284754,0.231864,0.202046,0.186866
exp6_sgd,deploy_chain_retrain,h5_float32,Q,0,0,,,0.912206,,,,,0.284332,0.323641,0.350705,0.36605,0.284754,0.231864,0.202046,0.186866
exp6_sgd,deploy_chain_retrain,h5_float32,ALL,51883,5636,0.108629,,0.912206,0.928318,0.910397,0.895493,0.88538,0.284332,0.323641,0.350705,0.36605,0.284754,0.231864,0.202046,0.186866
exp7b,pre_real_afe_finetune,h5_float32,N,20981,0,0.0,,0.863523,,,,,0.288197,0.312248,0.32877,0.337406,0.269272,0.228988,0.204619,0.192315
exp7b,pre_real_afe_finetune,h5_float32,S,302,302,1.0,,0.863523,0.937086,0.923841,0.923841,0.92053,0.288197,0.312248,0.32877,0.337406,0.269272,0.228988,0.204619,0.192315
exp7b,pre_real_afe_finetune,h5_float32,V,2590,2590,1.0,,0.863523,0.963707,0.931274,0.894981,0.870656,0.288197,0.312248,0.32877,0.337406,0.269272,0.228988,0.204619,0.192315
exp7b,pre_real_afe_finetune,h5_float32,F,389,389,1.0,,0.863523,0.411311,0.321337,0.275064,0.25964,0.288197,0.312248,0.32877,0.337406,0.269272,0.228988,0.204619,0.192315
exp7b,pre_real_afe_finetune,h5_float32,Q,0,0,,,0.863523,,,,,0.288197,0.312248,0.32877,0.337406,0.269272,0.228988,0.204619,0.192315
exp7b,pre_real_afe_finetune,h5_float32,ALL,51883,5636,0.108629,,0.863523,0.894606,0.853087,0.822392,0.803584,0.288197,0.312248,0.32877,0.337406,0.269272,0.228988,0.204619,0.192315
exp7c_float32,current_deployment_anchor,h5_float32,N,20981,0,0.0,,0.885801,,,,,0.303793,0.431647,0.435866,0.426296,0.251238,0.109585,0.080265,0.070102
exp7c_float32,current_deployment_anchor,h5_float32,S,302,302,1.0,,0.885801,0.937086,0.890728,0.817881,0.764901,0.303793,0.431647,0.435866,0.426296,0.251238,0.109585,0.080265,0.070102
exp7c_float32,current_deployment_anchor,h5_float32,V,2590,2590,1.0,,0.885801,0.969112,0.733205,0.496911,0.382239,0.303793,0.431647,0.435866,0.426296,0.251238,0.109585,0.080265,0.070102
exp7c_float32,current_deployment_anchor,h5_float32,F,389,389,1.0,,0.885801,0.460154,0.077121,0.030848,0.012853,0.303793,0.431647,0.435866,0.426296,0.251238,0.109585,0.080265,0.070102
exp7c_float32,current_deployment_anchor,h5_float32,Q,0,0,,,0.885801,,,,,0.303793,0.431647,0.435866,0.426296,0.251238,0.109585,0.080265,0.070102
exp7c_float32,current_deployment_anchor,h5_float32,ALL,51883,5636,0.108629,,0.885801,0.899574,0.682931,0.508872,0.427431,0.303793,0.431647,0.435866,0.426296,0.251238,0.109585,0.080265,0.070102
exp7c_int8_tflite,current_deployment_anchor,tflite_int8,N,20981,0,0.0,,0.889437,,,,,0.199853,0.452825,0.468119,0.537587,0.470603,0.089411,0.043289,0.022877
exp7c_int8_tflite,current_deployment_anchor,tflite_int8,S,302,302,1.0,,0.889437,0.990066,0.831126,0.582781,0.423841,0.199853,0.452825,0.468119,0.537587,0.470603,0.089411,0.043289,0.022877
exp7c_int8_tflite,current_deployment_anchor,tflite_int8,V,2590,2590,1.0,,0.889437,0.997297,0.611197,0.207336,0.109266,0.199853,0.452825,0.468119,0.537587,0.470603,0.089411,0.043289,0.022877
exp7c_int8_tflite,current_deployment_anchor,tflite_int8,F,389,389,1.0,,0.889437,0.598972,0.046272,0.005141,0.005141,0.199853,0.452825,0.468119,0.537587,0.470603,0.089411,0.043289,0.022877
exp7c_int8_tflite,current_deployment_anchor,tflite_int8,Q,0,0,,,0.889437,,,,,0.199853,0.452825,0.468119,0.537587,0.470603,0.089411,0.043289,0.022877
exp7c_int8_tflite,current_deployment_anchor,tflite_int8,ALL,51883,5636,0.108629,,0.889437,0.964514,0.607168,0.312633,0.21824,0.199853,0.452825,0.468119,0.537587,0.470603,0.089411,0.043289,0.022877
p2a_float32,historical_strong_research_model,h5_float32,N,20981,0,0.0,,0.964564,,,,,0.424591,0.450248,0.465749,0.474081,0.158064,0.141328,0.131706,0.126797
p2a_float32,historical_strong_research_model,h5_float32,S,302,302,1.0,,0.964564,0.97351,0.950331,0.940397,0.933775,0.424591,0.450248,0.465749,0.474081,0.158064,0.141328,0.131706,0.126797
p2a_float32,historical_strong_research_model,h5_float32,V,2590,2590,1.0,,0.964564,0.990347,0.986873,0.983398,0.981853,0.424591,0.450248,0.465749,0.474081,0.158064,0.141328,0.131706,0.126797
p2a_float32,historical_strong_research_model,h5_float32,F,389,389,1.0,,0.964564,0.645244,0.601542,0.547558,0.51928,0.424591,0.450248,0.465749,0.474081,0.158064,0.141328,0.131706,0.126797
p2a_float32,historical_strong_research_model,h5_float32,Q,0,0,,,0.964564,,,,,0.424591,0.450248,0.465749,0.474081,0.158064,0.141328,0.131706,0.126797
p2a_float32,historical_strong_research_model,h5_float32,ALL,51883,5636,0.108629,,0.964564,0.957062,0.949787,0.942158,0.937899,0.424591,0.450248,0.465749,0.474081,0.158064,0.141328,0.131706,0.126797
lstm_cnn_baseline,cross_arch_baseline,h5_float32,N,20981,0,0.0,,0.79869,,,,,0.355922,0.383403,0.415247,0.451295,0.114883,0.076156,0.057885,0.045798
lstm_cnn_baseline,cross_arch_baseline,h5_float32,S,302,302,1.0,,0.79869,0.254967,0.129139,0.102649,0.069536,0.355922,0.383403,0.415247,0.451295,0.114883,0.076156,0.057885,0.045798
lstm_cnn_baseline,cross_arch_baseline,h5_float32,V,2590,2590,1.0,,0.79869,0.718147,0.614286,0.571429,0.547104,0.355922,0.383403,0.415247,0.451295,0.114883,0.076156,0.057885,0.045798
lstm_cnn_baseline,cross_arch_baseline,h5_float32,F,389,389,1.0,,0.79869,0.557841,0.416452,0.298201,0.22108,0.355922,0.383403,0.415247,0.451295,0.114883,0.076156,0.057885,0.045798
lstm_cnn_baseline,cross_arch_baseline,h5_float32,Q,0,0,,,0.79869,,,,,0.355922,0.383403,0.415247,0.451295,0.114883,0.076156,0.057885,0.045798
lstm_cnn_baseline,cross_arch_baseline,h5_float32,ALL,51883,5636,0.108629,,0.79869,0.520937,0.388573,0.337296,0.309084,0.355922,0.383403,0.415247,0.451295,0.114883,0.076156,0.057885,0.045798
lstm_cnn_deploy,cross_arch_deploy,h5_float32,N,20981,0,0.0,,0.790969,,,,,0.301853,0.286413,0.258065,0.243997,0.075767,0.044176,0.030834,0.025191
lstm_cnn_deploy,cross_arch_deploy,h5_float32,S,302,302,1.0,,0.790969,0.427152,0.347682,0.264901,0.211921,0.301853,0.286413,0.258065,0.243997,0.075767,0.044176,0.030834,0.025191
lstm_cnn_deploy,cross_arch_deploy,h5_float32,V,2590,2590,1.0,,0.790969,0.184556,0.102703,0.07529,0.065637,0.301853,0.286413,0.258065,0.243997,0.075767,0.044176,0.030834,0.025191
lstm_cnn_deploy,cross_arch_deploy,h5_float32,F,389,389,1.0,,0.790969,0.007712,0.007712,0.0,0.0,0.301853,0.286413,0.258065,0.243997,0.075767,0.044176,0.030834,0.025191
lstm_cnn_deploy,cross_arch_deploy,h5_float32,Q,0,0,,,0.790969,,,,,0.301853,0.286413,0.258065,0.243997,0.075767,0.044176,0.030834,0.025191
lstm_cnn_deploy,cross_arch_deploy,h5_float32,ALL,51883,5636,0.108629,,0.790969,0.268808,0.145493,0.088006,0.066714,0.301853,0.286413,0.258065,0.243997,0.075767,0.044176,0.030834,0.025191
cnn_standard_baseline,cross_arch_baseline,h5_float32,N,20981,0,0.0,,0.81731,,,,,0.287978,0.295168,0.287534,0.283265,0.236145,0.182628,0.157199,0.142798
cnn_standard_baseline,cross_arch_baseline,h5_float32,S,302,302,1.0,,0.81731,0.781457,0.708609,0.649007,0.60596,0.287978,0.295168,0.287534,0.283265,0.236145,0.182628,0.157199,0.142798
cnn_standard_baseline,cross_arch_baseline,h5_float32,V,2590,2590,1.0,,0.81731,0.862934,0.676448,0.528571,0.458301,0.287978,0.295168,0.287534,0.283265,0.236145,0.182628,0.157199,0.142798
cnn_standard_baseline,cross_arch_baseline,h5_float32,F,389,389,1.0,,0.81731,0.390746,0.226221,0.156812,0.120823,0.287978,0.295168,0.287534,0.283265,0.236145,0.182628,0.157199,0.142798
cnn_standard_baseline,cross_arch_baseline,h5_float32,Q,0,0,,,0.81731,,,,,0.287978,0.295168,0.287534,0.283265,0.236145,0.182628,0.157199,0.142798
cnn_standard_baseline,cross_arch_baseline,h5_float32,ALL,51883,5636,0.108629,,0.81731,0.783712,0.627573,0.520582,0.463094,0.287978,0.295168,0.287534,0.283265,0.236145,0.182628,0.157199,0.142798
cnn_standard_deploy,cross_arch_deploy,h5_float32,N,20981,0,0.0,,0.850289,,,,,0.365173,0.404434,0.418916,0.430069,0.123446,0.084222,0.065626,0.055247
cnn_standard_deploy,cross_arch_deploy,h5_float32,S,302,302,1.0,,0.850289,0.774834,0.569536,0.427152,0.36755,0.365173,0.404434,0.418916,0.430069,0.123446,0.084222,0.065626,0.055247
cnn_standard_deploy,cross_arch_deploy,h5_float32,V,2590,2590,1.0,,0.850289,0.508494,0.403475,0.348263,0.310811,0.365173,0.404434,0.418916,0.430069,0.123446,0.084222,0.065626,0.055247
cnn_standard_deploy,cross_arch_deploy,h5_float32,F,389,389,1.0,,0.850289,0.136247,0.071979,0.030848,0.023136,0.365173,0.404434,0.418916,0.430069,0.123446,0.084222,0.065626,0.055247
cnn_standard_deploy,cross_arch_deploy,h5_float32,Q,0,0,,,0.850289,,,,,0.365173,0.404434,0.418916,0.430069,0.123446,0.084222,0.065626,0.055247
cnn_standard_deploy,cross_arch_deploy,h5_float32,ALL,51883,5636,0.108629,,0.850289,0.582683,0.469304,0.388219,0.342087,0.365173,0.404434,0.418916,0.430069,0.123446,0.084222,0.065626,0.055247
resnet1d_baseline,cross_arch_baseline,h5_float32,N,20981,0,0.0,,0.871255,,,,,0.297227,0.338924,0.362807,0.373434,0.250978,0.194304,0.164551,0.150345
resnet1d_baseline,cross_arch_baseline,h5_float32,S,302,302,1.0,,0.871255,0.910596,0.850993,0.788079,0.781457,0.297227,0.338924,0.362807,0.373434,0.250978,0.194304,0.164551,0.150345
resnet1d_baseline,cross_arch_baseline,h5_float32,V,2590,2590,1.0,,0.871255,0.888803,0.80888,0.72973,0.676448,0.297227,0.338924,0.362807,0.373434,0.250978,0.194304,0.164551,0.150345
resnet1d_baseline,cross_arch_baseline,h5_float32,F,389,389,1.0,,0.871255,0.236504,0.123393,0.105398,0.082262,0.297227,0.338924,0.362807,0.373434,0.250978,0.194304,0.164551,0.150345
resnet1d_baseline,cross_arch_baseline,h5_float32,Q,0,0,,,0.871255,,,,,0.297227,0.338924,0.362807,0.373434,0.250978,0.194304,0.164551,0.150345
resnet1d_baseline,cross_arch_baseline,h5_float32,ALL,51883,5636,0.108629,,0.871255,0.871008,0.817424,0.768808,0.735273,0.297227,0.338924,0.362807,0.373434,0.250978,0.194304,0.164551,0.150345
resnet1d_deploy,cross_arch_deploy,h5_float32,N,20981,0,0.0,,0.849416,,,,,0.249085,0.308972,0.350747,0.372141,0.319415,0.221831,0.168227,0.144831
resnet1d_deploy,cross_arch_deploy,h5_float32,S,302,302,1.0,,0.849416,0.877483,0.798013,0.771523,0.735099,0.249085,0.308972,0.350747,0.372141,0.319415,0.221831,0.168227,0.144831
resnet1d_deploy,cross_arch_deploy,h5_float32,V,2590,2590,1.0,,0.849416,0.879151,0.850965,0.816988,0.790347,0.249085,0.308972,0.350747,0.372141,0.319415,0.221831,0.168227,0.144831
resnet1d_deploy,cross_arch_deploy,h5_float32,F,389,389,1.0,,0.849416,0.277635,0.182519,0.133676,0.113111,0.249085,0.308972,0.350747,0.372141,0.319415,0.221831,0.168227,0.144831
resnet1d_deploy,cross_arch_deploy,h5_float32,Q,0,0,,,0.849416,,,,,0.249085,0.308972,0.350747,0.372141,0.319415,0.221831,0.168227,0.144831
resnet1d_deploy,cross_arch_deploy,h5_float32,ALL,51883,5636,0.108629,,0.849416,0.869411,0.813875,0.745742,0.7044,0.249085,0.308972,0.350747,0.372141,0.319415,0.221831,0.168227,0.144831
