tag,format,split,theta,policy,global_auc,beat_precision,beat_recall,beat_far,beat_f1,alert_rate,event_precision,event_recall,event_f1,false_alarm_blocks,fp_per_record,fp_per_1000_beats,median_latency_beats
exp7c_float32,h5_float32,validation,0.35,1-of-1,0.776463,0.276119,0.643289,0.24387,0.386388,0.29433,0.549936,0.749388,0.634354,3898,144.37037,55.084506,0.0
exp7c_float32,h5_float32,validation,0.35,2-of-3,0.776463,0.164789,0.34038,0.249466,0.222068,0.260952,0.533396,0.38312,0.445938,1488,55.111111,21.027641,0.0
exp7c_float32,h5_float32,validation,0.35,2-of-4,0.776463,0.181502,0.478076,0.311756,0.263113,0.332768,0.640818,0.53968,0.585917,1107,41.0,15.643548,0.0
exp7c_float32,h5_float32,validation,0.35,3-of-5,0.776463,0.145365,0.287136,0.244112,0.193015,0.249548,0.544687,0.31701,0.40077,917,33.962963,12.958567,0.0
exp7c_float32,h5_float32,validation,0.35,4-of-7,0.776463,0.133598,0.256376,0.240424,0.175659,0.24244,0.534804,0.282587,0.369783,675,25.0,9.538749,0.0
exp7c_float32,h5_float32,validation,0.35,5-of-5,0.776463,0.062603,0.046756,0.101239,0.053531,0.094356,0.299401,0.052859,0.089854,468,17.333333,6.613532,0.0
exp7c_float32,h5_float32,validation,0.4,1-of-1,0.776463,0.318571,0.561633,0.173719,0.406542,0.222726,0.600498,0.664554,0.630904,2890,107.037037,40.839975,0.0
exp7c_float32,h5_float32,validation,0.4,2-of-3,0.776463,0.170057,0.24877,0.175563,0.202017,0.184811,0.573756,0.285611,0.381377,994,36.814815,14.04669,0.0
exp7c_float32,h5_float32,validation,0.4,2-of-4,0.776463,0.195314,0.368345,0.219446,0.255271,0.238257,0.684787,0.428345,0.527027,806,29.851852,11.389972,0.0
exp7c_float32,h5_float32,validation,0.4,3-of-5,0.776463,0.140333,0.188367,0.166861,0.16084,0.169578,0.569465,0.214605,0.311732,595,22.037037,8.40823,0.0
exp7c_float32,h5_float32,validation,0.4,4-of-7,0.776463,0.124443,0.159284,0.162057,0.139724,0.161707,0.572553,0.179173,0.272935,380,14.074074,5.369962,0.0
exp7c_float32,h5_float32,validation,0.4,5-of-5,0.776463,0.055567,0.029418,0.072302,0.03847,0.066884,0.270707,0.034855,0.061759,361,13.37037,5.101464,0.0
exp7c_float32,h5_float32,validation,0.45,1-of-1,0.776463,0.351047,0.49877,0.13333,0.412069,0.179498,0.632018,0.597436,0.614241,2294,84.962963,32.417613,0.0
exp7c_float32,h5_float32,validation,0.45,2-of-3,0.776463,0.172373,0.193736,0.134511,0.182431,0.141993,0.597643,0.224975,0.326895,717,26.555556,10.132271,0.0
exp7c_float32,h5_float32,validation,0.45,2-of-4,0.776463,0.206936,0.303691,0.1683,0.246147,0.185405,0.732051,0.358923,0.481679,571,21.148148,8.069075,0.0
exp7c_float32,h5_float32,validation,0.45,3-of-5,0.776463,0.136082,0.139933,0.128461,0.13798,0.129911,0.576923,0.162178,0.253184,440,16.296296,6.217851,0.0
exp7c_float32,h5_float32,validation,0.45,4-of-7,0.776463,0.114445,0.112192,0.125534,0.113308,0.123848,0.556114,0.128763,0.209109,265,9.814815,3.744842,0.0
exp7c_float32,h5_float32,validation,0.45,5-of-5,0.776463,0.056604,0.022483,0.054186,0.032183,0.050181,0.268734,0.027654,0.050147,283,10.481481,3.999209,0.0
exp7c_float32,h5_float32,validation,0.5,1-of-1,0.776463,0.378816,0.458054,0.108615,0.414684,0.152761,0.662466,0.552787,0.602677,1875,69.444444,26.496524,0.0
exp7c_float32,h5_float32,validation,0.5,2-of-3,0.776463,0.179623,0.167226,0.110443,0.173203,0.117616,0.613816,0.196313,0.297483,587,21.740741,8.295178,0.0
exp7c_float32,h5_float32,validation,0.5,2-of-4,0.776463,0.218003,0.268456,0.13925,0.240614,0.155573,0.756137,0.321187,0.45086,457,16.925926,6.458086,0.0
exp7c_float32,h5_float32,validation,0.5,3-of-5,0.776463,0.139517,0.118792,0.105946,0.128323,0.107569,0.565556,0.139133,0.223325,391,14.481481,5.525408,0.0
exp7c_float32,h5_float32,validation,0.5,4-of-7,0.776463,0.112593,0.091611,0.104409,0.101024,0.102792,0.520958,0.107014,0.177555,240,8.888889,3.391555,0.0
exp7c_float32,h5_float32,validation,0.5,5-of-5,0.776463,0.056318,0.01745,0.042281,0.026644,0.039144,0.253049,0.021604,0.03981,245,9.074074,3.462212,0.0
exp7c_float32,h5_float32,validation,0.55,1-of-1,0.776463,0.396023,0.423266,0.093346,0.409192,0.135026,0.678458,0.513611,0.584637,1627,60.259259,22.991917,0.0
exp7c_float32,h5_float32,validation,0.55,2-of-3,0.776463,0.179309,0.144631,0.095723,0.160114,0.101902,0.622741,0.171972,0.269516,501,18.555556,7.079871,0.0
exp7c_float32,h5_float32,validation,0.55,2-of-4,0.776463,0.22154,0.238143,0.121005,0.229542,0.135804,0.758986,0.286764,0.416256,409,15.148148,5.779775,0.0
exp7c_float32,h5_float32,validation,0.55,3-of-5,0.776463,0.134983,0.099441,0.092149,0.114518,0.09307,0.562092,0.119401,0.196962,335,12.407407,4.734046,0.0
exp7c_float32,h5_float32,validation,0.55,4-of-7,0.776463,0.109209,0.077069,0.090903,0.090367,0.089156,0.491917,0.092035,0.155059,220,8.148148,3.108925,0.0
exp7c_float32,h5_float32,validation,0.55,5-of-5,0.776463,0.057278,0.014877,0.035407,0.023619,0.032813,0.265306,0.018436,0.034476,216,8.0,3.0524,0.0
exp7c_float32,h5_float32,validation,0.6,1-of-1,0.776463,0.400094,0.382103,0.082848,0.390891,0.120655,0.672899,0.466657,0.551115,1522,56.37037,21.508111,0.0
exp7c_float32,h5_float32,validation,0.6,2-of-3,0.776463,0.178995,0.1283,0.085096,0.149466,0.090555,0.624585,0.153824,0.246853,452,16.740741,6.387429,0.0
exp7c_float32,h5_float32,validation,0.6,2-of-4,0.776463,0.216796,0.207047,0.108162,0.211809,0.120655,0.752909,0.2509,0.376376,361,13.37037,5.101464,0.0
exp7c_float32,h5_float32,validation,0.6,3-of-5,0.776463,0.135016,0.08915,0.082589,0.107391,0.083418,0.5625,0.108455,0.181847,308,11.407407,4.352496,0.0
exp7c_float32,h5_float32,validation,0.6,4-of-7,0.776463,0.10964,0.069463,0.08157,0.085045,0.080041,0.503836,0.083969,0.143948,194,7.185185,2.741507,0.0
exp7c_float32,h5_float32,validation,0.6,5-of-5,0.776463,0.059375,0.012752,0.029212,0.020994,0.027132,0.262357,0.015843,0.029882,194,7.185185,2.741507,0.0
exp7c_float32,h5_float32,validation,0.65,1-of-1,0.776463,0.399606,0.34038,0.073952,0.367623,0.107611,0.668967,0.417543,0.514165,1391,51.518519,19.656888,0.0
exp7c_float32,h5_float32,validation,0.65,2-of-3,0.776463,0.179151,0.114765,0.076038,0.139906,0.080931,0.6301,0.138701,0.227355,408,15.111111,5.765644,0.0
exp7c_float32,h5_float32,validation,0.65,2-of-4,0.776463,0.208372,0.177069,0.097276,0.191449,0.107357,0.73012,0.215469,0.332741,336,12.444444,4.748177,0.0
exp7c_float32,h5_float32,validation,0.65,3-of-5,0.776463,0.134736,0.07953,0.073855,0.100021,0.074572,0.547401,0.097508,0.165531,296,10.962963,4.182918,0.0
exp7c_float32,h5_float32,validation,0.65,4-of-7,0.776463,0.110759,0.06264,0.072723,0.080023,0.071449,0.502793,0.077056,0.133632,178,6.592593,2.515403,0.0
exp7c_float32,h5_float32,validation,0.65,5-of-5,0.776463,0.058896,0.010626,0.024554,0.018004,0.022794,0.267782,0.013395,0.025513,175,6.481481,2.473009,0.0
exp7c_float32,h5_float32,test,0.35,1-of-1,0.885715,0.30358,0.899752,0.251541,0.453984,0.321955,0.557767,0.923733,0.695549,2844,123.652174,54.815643,0.0
exp7c_float32,h5_float32,test,0.35,2-of-3,0.885715,0.194875,0.519517,0.261574,0.283433,0.289594,0.448931,0.45581,0.452344,1160,50.434783,22.357998,0.0
exp7c_float32,h5_float32,test,0.35,2-of-4,0.885715,0.207293,0.67885,0.316366,0.317603,0.355743,0.572592,0.631225,0.600481,892,38.782609,17.192529,0.0
exp7c_float32,h5_float32,test,0.35,3-of-5,0.885715,0.190633,0.493967,0.255584,0.275099,0.281479,0.544267,0.433603,0.482673,628,27.304348,12.104157,0.0
exp7c_float32,h5_float32,test,0.35,4-of-7,0.885715,0.190661,0.48829,0.2526,0.27424,0.278203,0.573321,0.416779,0.482675,451,19.608696,8.692635,0.0
exp7c_float32,h5_float32,test,0.35,5-of-5,0.885715,0.15955,0.171043,0.109802,0.165097,0.116454,0.327172,0.088829,0.139723,364,15.826087,7.015786,0.0
exp7c_float32,h5_float32,test,0.4,1-of-1,0.885715,0.361196,0.838006,0.180617,0.50481,0.252029,0.598561,0.864962,0.707515,2399,104.304348,46.238652,0.0
exp7c_float32,h5_float32,test,0.4,2-of-3,0.885715,0.21463,0.418559,0.18665,0.283755,0.211842,0.471987,0.348587,0.401008,999,43.434783,19.254862,0.0
exp7c_float32,h5_float32,test,0.4,2-of-4,0.885715,0.236948,0.5967,0.234177,0.3392,0.273558,0.637308,0.541274,0.585379,733,31.869565,14.127942,0.0
exp7c_float32,h5_float32,test,0.4,3-of-5,0.885715,0.20607,0.383073,0.17986,0.267982,0.201935,0.550854,0.313818,0.399846,552,24.0,10.639323,0.0
exp7c_float32,h5_float32,test,0.4,4-of-7,0.885715,0.206647,0.375089,0.175492,0.266482,0.197174,0.609756,0.291835,0.394742,352,15.304348,6.784496,0.0
exp7c_float32,h5_float32,test,0.4,5-of-5,0.885715,0.184031,0.124734,0.067399,0.148689,0.073627,0.27154,0.041947,0.072668,279,12.130435,5.377484,0.0
exp7c_float32,h5_float32,test,0.45,1-of-1,0.885715,0.40525,0.764194,0.136679,0.529636,0.204846,0.634133,0.795424,0.705679,1968,85.565217,37.9315,0.0
exp7c_float32,h5_float32,test,0.45,2-of-3,0.885715,0.228869,0.335344,0.137695,0.27206,0.159166,0.482301,0.265366,0.342361,819,35.608696,15.785517,0.0
exp7c_float32,h5_float32,test,0.45,2-of-4,0.885715,0.261791,0.51313,0.176336,0.3467,0.212921,0.658972,0.455585,0.538721,650,28.26087,12.528188,0.0
exp7c_float32,h5_float32,test,0.45,3-of-5,0.885715,0.214803,0.294535,0.131209,0.248429,0.148951,0.53373,0.220054,0.311626,470,20.434783,9.058844,0.0
exp7c_float32,h5_float32,test,0.45,4-of-7,0.885715,0.21477,0.286373,0.127597,0.245457,0.144845,0.558322,0.202557,0.297267,337,14.652174,6.495384,0.0
exp7c_float32,h5_float32,test,0.45,5-of-5,0.885715,0.196319,0.096522,0.048154,0.129416,0.053409,0.293478,0.021983,0.040902,195,8.478261,3.758457,0.0
exp7c_float32,h5_float32,test,0.5,1-of-1,0.885715,0.431388,0.683286,0.109758,0.528875,0.17206,0.639787,0.712427,0.674156,1760,76.521739,33.922479,0.0
exp7c_float32,h5_float32,test,0.5,2-of-3,0.885715,0.234093,0.264372,0.105412,0.248313,0.12268,0.451373,0.191117,0.268534,739,32.130435,14.243587,0.0
exp7c_float32,h5_float32,test,0.5,2-of-4,0.885715,0.273935,0.427963,0.138236,0.334049,0.169709,0.643875,0.371691,0.471309,625,27.173913,12.046335,0.0
exp7c_float32,h5_float32,test,0.5,3-of-5,0.885715,0.219546,0.224805,0.09739,0.222144,0.111231,0.48875,0.146478,0.225403,409,17.782609,7.883122,0.0
exp7c_float32,h5_float32,test,0.5,4-of-7,0.885715,0.218991,0.216466,0.094082,0.217721,0.107376,0.50937,0.132122,0.20982,288,12.521739,5.550951,0.0
exp7c_float32,h5_float32,test,0.5,5-of-5,0.885715,0.207786,0.081441,0.03784,0.117017,0.042577,0.296875,0.01144,0.022031,135,5.869565,2.602008,0.0
exp7c_float32,h5_float32,test,0.55,1-of-1,0.885715,0.441099,0.597942,0.09233,0.507683,0.147254,0.643006,0.620682,0.631647,1539,66.913043,29.662895,0.0
exp7c_float32,h5_float32,test,0.55,2-of-3,0.885715,0.230634,0.209191,0.085043,0.21939,0.098529,0.446927,0.139076,0.212138,594,25.826087,11.448837,0.0
exp7c_float32,h5_float32,test,0.55,2-of-4,0.885715,0.272984,0.343506,0.111488,0.304211,0.136692,0.639865,0.28533,0.394668,533,23.173913,10.273115,0.0
exp7c_float32,h5_float32,test,0.55,3-of-5,0.885715,0.215798,0.175479,0.077713,0.193561,0.088333,0.460245,0.097577,0.161017,353,15.347826,6.80377,0.0
exp7c_float32,h5_float32,test,0.55,4-of-7,0.885715,0.21228,0.165011,0.074621,0.185684,0.08444,0.470468,0.083221,0.141426,260,11.304348,5.011275,0.0
exp7c_float32,h5_float32,test,0.55,5-of-5,0.885715,0.202876,0.070085,0.033559,0.10418,0.037527,0.315789,0.006281,0.012317,91,3.956522,1.753946,0.0
exp7c_float32,h5_float32,test,0.6,1-of-1,0.885715,0.435496,0.508517,0.08033,0.469182,0.126843,0.62698,0.526021,0.57208,1413,61.434783,27.234354,0.0
exp7c_float32,h5_float32,test,0.6,2-of-3,0.885715,0.221103,0.163591,0.070232,0.188048,0.080373,0.418472,0.09511,0.154993,510,22.173913,9.829809,0.0
exp7c_float32,h5_float32,test,0.6,2-of-4,0.885715,0.263614,0.269695,0.091811,0.26662,0.111135,0.615126,0.20996,0.313062,458,19.913043,8.827554,0.0
exp7c_float32,h5_float32,test,0.6,3-of-5,0.885715,0.207258,0.136799,0.063766,0.164814,0.0717,0.399618,0.061687,0.106876,314,13.652174,6.052079,0.0
exp7c_float32,h5_float32,test,0.6,4-of-7,0.885715,0.205055,0.128105,0.060523,0.157694,0.067864,0.412869,0.050471,0.089947,219,9.521739,4.221036,0.0
exp7c_float32,h5_float32,test,0.6,5-of-5,0.885715,0.176843,0.054471,0.030899,0.083288,0.03346,0.35,0.004486,0.008859,65,2.826087,1.252819,2.5
exp7c_float32,h5_float32,test,0.65,1-of-1,0.885715,0.426096,0.427608,0.070188,0.426851,0.109015,0.613159,0.438762,0.511504,1270,55.217391,24.478153,0.0
exp7c_float32,h5_float32,test,0.65,2-of-3,0.885715,0.209125,0.126863,0.058469,0.157924,0.065898,0.376281,0.060341,0.104004,426,18.521739,8.210782,0.0
exp7c_float32,h5_float32,test,0.65,2-of-4,0.885715,0.244972,0.203158,0.076308,0.222114,0.090087,0.549947,0.138179,0.220863,428,18.608696,8.24933,0.0
exp7c_float32,h5_float32,test,0.65,3-of-5,0.885715,0.19888,0.107168,0.052609,0.139283,0.058536,0.342105,0.035442,0.06423,275,11.956522,5.300387,0.0
exp7c_float32,h5_float32,test,0.65,4-of-7,0.885715,0.200558,0.102023,0.04956,0.135246,0.055259,0.355556,0.026694,0.049659,174,7.565217,3.3537,0.0
exp7c_float32,h5_float32,test,0.65,5-of-5,0.885715,0.138511,0.03797,0.02878,0.059602,0.029779,0.453333,0.00314,0.006238,41,1.782609,0.79024,5.0
exp7c_int8_tflite,tflite_int8,validation,0.35,1-of-1,0.804657,0.214787,0.858837,0.454015,0.343635,0.505158,0.474078,0.912862,0.624062,5407,200.259259,76.408908,0.0
exp7c_int8_tflite,tflite_int8,validation,0.35,2-of-3,0.804657,0.17002,0.677629,0.478342,0.271836,0.503519,0.536994,0.682702,0.601145,1796,66.518519,25.380137,0.0
exp7c_int8_tflite,tflite_int8,validation,0.35,2-of-4,0.804657,0.17443,0.811745,0.555561,0.287156,0.587926,0.570604,0.810024,0.669555,1265,46.851852,17.876321,0.0
exp7c_int8_tflite,tflite_int8,validation,0.35,3-of-5,0.804657,0.167686,0.671924,0.482272,0.268391,0.506232,0.556877,0.665706,0.606448,1118,41.407407,15.798994,0.0
exp7c_int8_tflite,tflite_int8,validation,0.35,4-of-7,0.804657,0.164015,0.65962,0.48617,0.262708,0.508083,0.572654,0.645974,0.607109,747,27.666667,10.556215,0.0
exp7c_int8_tflite,tflite_int8,validation,0.35,5-of-5,0.804657,0.118736,0.197987,0.21249,0.148446,0.210658,0.422171,0.208843,0.279447,1006,37.259259,14.216268,0.0
exp7c_int8_tflite,tflite_int8,validation,0.4,1-of-1,0.804657,0.270219,0.71868,0.280668,0.392762,0.336004,0.515194,0.81953,0.632665,4898,181.407407,69.215986,0.0
exp7c_int8_tflite,tflite_int8,validation,0.4,2-of-3,0.804657,0.17592,0.427069,0.289289,0.249192,0.306695,0.532117,0.466657,0.497242,1821,67.444444,25.733424,0.0
exp7c_int8_tflite,tflite_int8,validation,0.4,2-of-4,0.804657,0.186616,0.580201,0.365683,0.282401,0.392784,0.608166,0.634308,0.620962,1382,51.185185,19.529704,0.0
exp7c_int8_tflite,tflite_int8,validation,0.4,3-of-5,0.804657,0.162362,0.381096,0.284307,0.22771,0.296535,0.533515,0.409477,0.463338,1197,44.333333,16.915381,0.0
exp7c_int8_tflite,tflite_int8,validation,0.4,4-of-7,0.804657,0.153066,0.351007,0.280846,0.213172,0.289709,0.530732,0.37491,0.439416,878,32.518519,12.407439,0.0
exp7c_int8_tflite,tflite_int8,validation,0.4,5-of-5,0.804657,0.074772,0.054139,0.096872,0.062804,0.091473,0.316647,0.058476,0.098721,587,21.740741,8.295178,0.0
exp7c_int8_tflite,tflite_int8,validation,0.45,1-of-1,0.804657,0.374771,0.550336,0.132764,0.445895,0.185518,0.597366,0.652888,0.623894,2996,110.962963,42.337912,0.0
exp7c_int8_tflite,tflite_int8,validation,0.45,2-of-3,0.804657,0.185057,0.208613,0.132845,0.19613,0.142417,0.572486,0.237649,0.335872,982,36.37037,13.877113,0.0
exp7c_int8_tflite,tflite_int8,validation,0.45,2-of-4,0.804657,0.217522,0.339933,0.176825,0.265287,0.197431,0.715927,0.394498,0.508691,717,26.555556,10.132271,0.0
exp7c_int8_tflite,tflite_int8,validation,0.45,3-of-5,0.804657,0.148422,0.154698,0.128348,0.151495,0.131677,0.567587,0.174996,0.267514,611,22.62963,8.634334,0.0
exp7c_int8_tflite,tflite_int8,validation,0.45,4-of-7,0.804657,0.126134,0.125951,0.126181,0.126042,0.126152,0.559643,0.140573,0.224704,395,14.62963,5.581934,0.0
exp7c_int8_tflite,tflite_int8,validation,0.45,5-of-5,0.804657,0.039723,0.00962,0.033628,0.015489,0.030595,0.150127,0.011234,0.020904,334,12.37037,4.719914,0.0
exp7c_int8_tflite,tflite_int8,validation,0.5,1-of-1,0.804657,0.477026,0.437808,0.069407,0.456576,0.115949,0.642105,0.528734,0.579931,2040,75.555556,28.828218,0.0
exp7c_int8_tflite,tflite_int8,validation,0.5,2-of-3,0.804657,0.215831,0.127181,0.066819,0.160051,0.074445,0.557738,0.148783,0.234903,743,27.518519,10.499689,0.0
exp7c_int8_tflite,tflite_int8,validation,0.5,2-of-4,0.804657,0.249086,0.228523,0.099622,0.238362,0.115906,0.711067,0.271352,0.392805,577,21.37037,8.153864,0.0
exp7c_int8_tflite,tflite_int8,validation,0.5,3-of-5,0.804657,0.156703,0.079754,0.062063,0.105708,0.064298,0.523198,0.092611,0.157367,483,17.888889,6.825504,0.0
exp7c_int8_tflite,tflite_int8,validation,0.5,4-of-7,0.804657,0.118254,0.055145,0.059459,0.075216,0.058914,0.487302,0.062797,0.111257,323,11.962963,4.564468,0.0
exp7c_int8_tflite,tflite_int8,validation,0.5,5-of-5,0.804657,0.034539,0.002349,0.009495,0.004399,0.008592,0.098485,0.002593,0.005052,119,4.407407,1.681646,0.0
exp7c_int8_tflite,tflite_int8,validation,0.55,1-of-1,0.804657,0.546561,0.346644,0.041586,0.42423,0.080125,0.667271,0.422872,0.517676,1468,54.37037,20.745012,0.0
exp7c_int8_tflite,tflite_int8,validation,0.55,2-of-3,0.804657,0.262466,0.087136,0.035407,0.130836,0.041942,0.566007,0.104422,0.176315,526,19.481481,7.433158,0.0
exp7c_int8_tflite,tflite_int8,validation,0.55,2-of-4,0.804657,0.267586,0.149776,0.059281,0.192054,0.070714,0.656504,0.180902,0.283644,507,18.777778,7.16466,0.0
exp7c_int8_tflite,tflite_int8,validation,0.55,3-of-5,0.804657,0.185135,0.045973,0.02926,0.073656,0.031372,0.519231,0.055163,0.099731,325,12.037037,4.592731,0.0
exp7c_int8_tflite,tflite_int8,validation,0.55,4-of-7,0.804657,0.12343,0.02528,0.025961,0.041965,0.025875,0.427861,0.029526,0.05524,230,8.518519,3.25024,0.0
exp7c_int8_tflite,tflite_int8,validation,0.55,5-of-5,0.804657,0.017007,0.000559,0.004675,0.001083,0.004155,0.108696,0.00072,0.001431,41,1.518519,0.579391,0.0
exp7c_int8_tflite,tflite_int8,validation,0.6,1-of-1,0.804657,0.585533,0.258054,0.026414,0.35823,0.055678,0.677693,0.320467,0.435157,1062,39.333333,15.007631,0.0
exp7c_int8_tflite,tflite_int8,validation,0.6,2-of-3,0.804657,0.315821,0.059843,0.018747,0.100621,0.023939,0.606635,0.074463,0.132645,332,12.296296,4.691651,0.0
exp7c_int8_tflite,tflite_int8,validation,0.6,2-of-4,0.804657,0.288417,0.097204,0.034679,0.145403,0.042578,0.646231,0.120265,0.20279,352,13.037037,4.974281,0.0
exp7c_int8_tflite,tflite_int8,validation,0.6,3-of-5,0.804657,0.205556,0.024832,0.013878,0.044311,0.015262,0.553525,0.03111,0.05891,171,6.333333,2.416483,0.0
exp7c_int8_tflite,tflite_int8,validation,0.6,4-of-7,0.804657,0.101673,0.008837,0.01129,0.01626,0.01098,0.415301,0.011234,0.021877,107,3.962963,1.512068,0.0
exp7c_int8_tflite,tflite_int8,validation,0.6,5-of-5,0.804657,0.0,0.0,0.002717,0.0,0.002374,0.0,0.0,0.0,32,1.185185,0.452207,
exp7c_int8_tflite,tflite_int8,validation,0.65,1-of-1,0.804657,0.632613,0.180089,0.015124,0.280366,0.035965,0.707089,0.227855,0.344649,657,24.333333,9.284382,0.0
exp7c_int8_tflite,tflite_int8,validation,0.65,2-of-3,0.804657,0.405782,0.042394,0.008977,0.076767,0.013199,0.711027,0.054155,0.100645,152,5.62963,2.147985,0.0
exp7c_int8_tflite,tflite_int8,validation,0.65,2-of-4,0.804657,0.331389,0.063535,0.018536,0.106627,0.024221,0.69808,0.080945,0.145068,173,6.407407,2.444746,0.0
exp7c_int8_tflite,tflite_int8,validation,0.65,3-of-5,0.804657,0.268376,0.017562,0.006923,0.032966,0.008267,0.715596,0.022613,0.04384,62,2.296296,0.876152,0.0
exp7c_int8_tflite,tflite_int8,validation,0.65,4-of-7,0.804657,0.123007,0.00604,0.006227,0.011515,0.006204,0.582418,0.007778,0.01535,38,1.407407,0.536996,0.0
exp7c_int8_tflite,tflite_int8,validation,0.65,5-of-5,0.804657,0.0,0.0,0.001165,0.0,0.001017,0.0,0.0,0.0,18,0.666667,0.254367,
exp7c_int8_tflite,tflite_int8,test,0.35,1-of-1,0.889437,0.199853,0.964514,0.470603,0.3311,0.524257,0.410024,0.985644,0.579132,4626,201.130435,89.162153,0.0
exp7c_int8_tflite,tflite_int8,test,0.35,2-of-3,0.889437,0.148622,0.697303,0.486799,0.24502,0.509666,0.362968,0.658591,0.468005,1820,79.130435,35.078928,0.0
exp7c_int8_tflite,tflite_int8,test,0.35,2-of-4,0.889437,0.151627,0.831796,0.567172,0.256497,0.595918,0.446541,0.804621,0.57434,1408,61.217391,27.137984,0.0
exp7c_int8_tflite,tflite_int8,test,0.35,3-of-5,0.889437,0.14576,0.675834,0.482691,0.239801,0.503672,0.428115,0.639749,0.512961,1074,46.695652,20.700422,0.0
exp7c_int8_tflite,tflite_int8,test,0.35,4-of-7,0.889437,0.146408,0.67406,0.478928,0.240565,0.500125,0.454288,0.623374,0.525566,770,33.478261,14.841085,0.0
exp7c_int8_tflite,tflite_int8,test,0.35,5-of-5,0.889437,0.137746,0.310149,0.236599,0.190767,0.244589,0.328643,0.250561,0.284339,668,29.043478,12.875123,0.0
exp7c_int8_tflite,tflite_int8,test,0.4,1-of-1,0.889437,0.278326,0.926189,0.292668,0.428027,0.361486,0.50371,0.952894,0.659043,3612,157.043478,69.618179,0.0
exp7c_int8_tflite,tflite_int8,test,0.4,2-of-3,0.889437,0.184909,0.55873,0.300149,0.277861,0.328239,0.420843,0.499103,0.456644,1456,63.304348,28.063142,0.0
exp7c_int8_tflite,tflite_int8,test,0.4,2-of-4,0.889437,0.193273,0.723918,0.36824,0.305092,0.406877,0.531237,0.684163,0.598079,1118,48.608696,21.548484,0.0
exp7c_int8_tflite,tflite_int8,test,0.4,3-of-5,0.889437,0.181474,0.535664,0.294441,0.271103,0.320645,0.487966,0.48183,0.484879,851,37.0,16.40229,0.0
exp7c_int8_tflite,tflite_int8,test,0.4,4-of-7,0.889437,0.181813,0.534244,0.292992,0.271298,0.319199,0.52506,0.468147,0.494973,597,25.956522,11.506659,0.0
exp7c_int8_tflite,tflite_int8,test,0.4,5-of-5,0.889437,0.155334,0.182399,0.120873,0.167782,0.127556,0.34471,0.100269,0.15535,384,16.695652,7.401268,0.0
exp7c_int8_tflite,tflite_int8,test,0.45,1-of-1,0.889437,0.399524,0.804649,0.147383,0.533938,0.218781,0.609483,0.83266,0.703803,2265,98.478261,43.655918,0.0
exp7c_int8_tflite,tflite_int8,test,0.45,2-of-3,0.889437,0.235187,0.368346,0.145977,0.287077,0.170133,0.480868,0.292956,0.364097,909,39.521739,17.52019,0.0
exp7c_int8_tflite,tflite_int8,test,0.45,2-of-4,0.889437,0.259619,0.544713,0.18931,0.351641,0.227917,0.632583,0.487214,0.550463,751,32.652174,14.474876,0.0
exp7c_int8_tflite,tflite_int8,test,0.45,3-of-5,0.889437,0.2253,0.326118,0.136658,0.266493,0.157238,0.533512,0.251009,0.341397,522,22.695652,10.061099,0.0
exp7c_int8_tflite,tflite_int8,test,0.45,4-of-7,0.889437,0.224142,0.312988,0.13203,0.261217,0.151687,0.557072,0.224092,0.319613,357,15.521739,6.880867,0.0
exp7c_int8_tflite,tflite_int8,test,0.45,5-of-5,0.889437,0.209287,0.110362,0.050814,0.144517,0.057283,0.282759,0.026021,0.047656,208,9.043478,4.00902,0.0
exp7c_int8_tflite,tflite_int8,test,0.5,1-of-1,0.889437,0.452825,0.607168,0.089411,0.51876,0.145655,0.643519,0.625841,0.634557,1540,66.956522,29.682169,0.0
exp7c_int8_tflite,tflite_int8,test,0.5,2-of-3,0.889437,0.242677,0.211675,0.080503,0.226118,0.094752,0.450999,0.13459,0.207312,577,25.086957,11.121176,0.0
exp7c_int8_tflite,tflite_int8,test,0.5,2-of-4,0.889437,0.278331,0.337296,0.10658,0.30499,0.131642,0.620979,0.271422,0.377739,542,23.565217,10.446582,0.0
exp7c_int8_tflite,tflite_int8,test,0.5,3-of-5,0.889437,0.228979,0.176366,0.072372,0.199258,0.083669,0.464401,0.09511,0.157885,331,14.391304,6.379739,0.0
exp7c_int8_tflite,tflite_int8,test,0.5,4-of-7,0.889437,0.234089,0.170334,0.067918,0.197186,0.079043,0.485588,0.083221,0.142091,232,10.086957,4.4716,0.0
exp7c_int8_tflite,tflite_int8,test,0.5,5-of-5,0.889437,0.223596,0.077005,0.032586,0.114557,0.037411,0.305785,0.006505,0.012739,84,3.652174,1.619027,0.0
exp7c_int8_tflite,tflite_int8,test,0.55,1-of-1,0.889437,0.455665,0.426721,0.062123,0.440718,0.101729,0.632066,0.431584,0.512931,1152,50.086957,22.203805,0.0
exp7c_int8_tflite,tflite_int8,test,0.55,2-of-3,0.889437,0.228497,0.124911,0.051398,0.161523,0.059384,0.397548,0.05092,0.090276,344,14.956522,6.630303,0.0
exp7c_int8_tflite,tflite_int8,test,0.55,2-of-4,0.889437,0.263222,0.192512,0.065669,0.222382,0.079448,0.552567,0.120682,0.198099,366,15.913043,7.054334,0.0
exp7c_int8_tflite,tflite_int8,test,0.55,3-of-5,0.889437,0.224752,0.108588,0.045646,0.146429,0.052483,0.416938,0.030956,0.057632,179,7.782609,3.45007,0.0
exp7c_int8_tflite,tflite_int8,test,0.55,4-of-7,0.889437,0.22678,0.103974,0.043203,0.142579,0.049804,0.396476,0.024002,0.045263,137,5.956522,2.640557,0.0
exp7c_int8_tflite,tflite_int8,test,0.55,5-of-5,0.889437,0.193769,0.045245,0.022942,0.07336,0.025365,0.32381,0.004038,0.007976,71,3.086957,1.368464,2.5
exp7c_int8_tflite,tflite_int8,test,0.6,1-of-1,0.889437,0.468119,0.312633,0.043289,0.374894,0.072548,0.619415,0.321445,0.423246,937,40.73913,18.059865,0.0
exp7c_int8_tflite,tflite_int8,test,0.6,2-of-3,0.889437,0.21334,0.077182,0.034683,0.113355,0.0393,0.3675,0.026021,0.0486,253,11.0,4.876356,0.0
exp7c_int8_tflite,tflite_int8,test,0.6,2-of-4,0.889437,0.248907,0.121185,0.044565,0.163007,0.052888,0.52552,0.066622,0.118252,251,10.913043,4.837808,0.0
exp7c_int8_tflite,tflite_int8,test,0.6,3-of-5,0.889437,0.202087,0.065295,0.031418,0.098699,0.035098,0.386139,0.01301,0.025172,124,5.391304,2.389993,0.0
exp7c_int8_tflite,tflite_int8,test,0.6,4-of-7,0.889437,0.199205,0.062278,0.03051,0.094891,0.033961,0.419355,0.010094,0.019714,72,3.130435,1.387738,0.0
exp7c_int8_tflite,tflite_int8,test,0.6,5-of-5,0.889437,0.180165,0.01934,0.010725,0.03493,0.011661,0.180952,0.001795,0.003554,86,3.73913,1.657576,5.5
exp7c_int8_tflite,tflite_int8,test,0.65,1-of-1,0.889437,0.537587,0.21824,0.022877,0.310449,0.044099,0.60676,0.236429,0.340269,733,31.869565,14.127942,0.0
exp7c_int8_tflite,tflite_int8,test,0.65,2-of-3,0.889437,0.220917,0.033357,0.014336,0.057962,0.016402,0.262963,0.010767,0.020687,199,8.652174,3.835553,0.0
exp7c_int8_tflite,tflite_int8,test,0.65,2-of-4,0.889437,0.25416,0.059617,0.02132,0.096579,0.02548,0.455764,0.034096,0.063446,203,8.826087,3.91265,0.0
exp7c_int8_tflite,tflite_int8,test,0.65,3-of-5,0.889437,0.201399,0.02555,0.012347,0.045347,0.013781,0.223022,0.003589,0.007064,108,4.695652,2.081607,0.0
exp7c_int8_tflite,tflite_int8,test,0.65,4-of-7,0.889437,0.200308,0.023066,0.011222,0.041368,0.012509,0.217822,0.002692,0.005318,79,3.434783,1.522657,0.0
exp7c_int8_tflite,tflite_int8,test,0.65,5-of-5,0.889437,0.431818,0.006742,0.001081,0.013277,0.001696,0.375,0.000897,0.00179,15,0.652174,0.289112,26.0
