tag,format,split,theta,policy,gt_gap_beats,alert_cooldown_beats,global_auc,beat_precision,beat_recall,beat_far,beat_f1,alert_rate,event_precision,event_recall,event_f1,false_alarm_blocks,fp_per_record,fp_per_1000_beats,median_latency_beats
exp7c_float32,h5_float32,validation,0.35,1-of-1,5,5,0.776474,0.276238,0.643289,0.243724,0.386505,0.294203,0.657143,0.819802,0.729515,528,19.555556,7.461421,0.0
exp7c_float32,h5_float32,validation,0.35,1-of-3,5,5,0.776474,0.188146,0.73255,0.457088,0.299397,0.491889,0.658492,0.826403,0.732954,376,13.925926,5.313436,0.0
exp7c_float32,h5_float32,validation,0.35,1-of-5,5,5,0.776474,0.172721,0.78557,0.544093,0.28318,0.5746,0.675958,0.836304,0.74763,279,10.333333,3.942683,0.0
exp7c_float32,h5_float32,validation,0.35,1-of-7,5,5,0.776474,0.165797,0.817002,0.594429,0.275654,0.622548,0.677143,0.843564,0.751247,226,8.37037,3.193714,0.0
exp7c_float32,h5_float32,validation,0.35,2-of-3,5,5,0.776474,0.164905,0.34038,0.249256,0.222174,0.260768,0.657326,0.479868,0.554751,428,15.851852,6.048273,0.0
exp7c_float32,h5_float32,validation,0.35,2-of-4,5,5,0.776474,0.181529,0.477964,0.311627,0.263124,0.332641,0.691006,0.535314,0.603277,347,12.851852,4.903623,0.0
exp7c_float32,h5_float32,validation,0.35,3-of-5,5,5,0.776474,0.14539,0.287136,0.244064,0.193037,0.249505,0.646465,0.390099,0.486579,350,12.962963,4.946018,0.0
exp7c_float32,h5_float32,validation,0.35,4-of-7,5,5,0.776474,0.133648,0.256488,0.240424,0.175729,0.242454,0.641711,0.332673,0.438185,268,9.925926,3.787236,0.0
exp7c_float32,h5_float32,validation,0.35,5-of-5,5,5,0.776474,0.062687,0.046756,0.101093,0.053562,0.094229,0.390698,0.120132,0.183761,262,9.703704,3.702448,0.0
exp7c_float32,h5_float32,validation,0.4,1-of-1,5,5,0.776474,0.318854,0.561633,0.173492,0.406773,0.222528,0.692998,0.755776,0.723027,513,19.0,7.249449,0.0
exp7c_float32,h5_float32,validation,0.4,1-of-3,5,5,0.776474,0.204387,0.634676,0.357256,0.309201,0.392304,0.716216,0.766337,0.740429,336,12.444444,4.748177,0.0
exp7c_float32,h5_float32,validation,0.4,1-of-5,5,5,0.776474,0.183412,0.689374,0.443824,0.289737,0.474846,0.721861,0.774917,0.747449,257,9.518519,3.63179,0.0
exp7c_float32,h5_float32,validation,0.4,1-of-7,5,5,0.776474,0.173611,0.723378,0.497913,0.280017,0.526398,0.721704,0.780858,0.750117,209,7.740741,2.953479,0.0
exp7c_float32,h5_float32,validation,0.4,2-of-3,5,5,0.776474,0.170213,0.24877,0.175369,0.202127,0.184642,0.662872,0.39604,0.495837,385,14.259259,5.44062,0.0
exp7c_float32,h5_float32,validation,0.4,2-of-4,5,5,0.776474,0.195536,0.368456,0.219203,0.255487,0.238059,0.684907,0.438944,0.53501,357,13.222222,5.044938,0.0
exp7c_float32,h5_float32,validation,0.4,3-of-5,5,5,0.776474,0.140452,0.188479,0.166796,0.160959,0.169535,0.65645,0.308251,0.419511,269,9.962963,3.801368,1.0
exp7c_float32,h5_float32,validation,0.4,4-of-7,5,5,0.776474,0.124683,0.159508,0.161927,0.139962,0.161622,0.64717,0.242244,0.352531,187,6.925926,2.642587,0.0
exp7c_float32,h5_float32,validation,0.4,5-of-5,5,5,0.776474,0.055038,0.029083,0.072205,0.038056,0.066757,0.346939,0.082508,0.133312,192,7.111111,2.713244,0.0
exp7c_float32,h5_float32,validation,0.45,1-of-1,5,5,0.776474,0.350894,0.498434,0.13333,0.411849,0.179456,0.713842,0.70033,0.707022,461,17.074074,6.514612,0.0
exp7c_float32,h5_float32,validation,0.45,1-of-3,5,5,0.776474,0.215613,0.559508,0.294336,0.311273,0.327836,0.723684,0.706931,0.715209,336,12.444444,4.748177,0.0
exp7c_float32,h5_float32,validation,0.45,1-of-5,5,5,0.776474,0.19239,0.613087,0.372153,0.292875,0.402592,0.731405,0.711551,0.721341,260,9.62963,3.674185,0.0
exp7c_float32,h5_float32,validation,0.45,1-of-7,5,5,0.776474,0.180007,0.643736,0.424042,0.281342,0.451798,0.729352,0.714851,0.722029,213,7.888889,3.010005,0.0
exp7c_float32,h5_float32,validation,0.45,2-of-3,5,5,0.776474,0.172325,0.193624,0.134479,0.182354,0.141951,0.711475,0.345875,0.465468,264,9.777778,3.730711,1.0
exp7c_float32,h5_float32,validation,0.45,2-of-4,5,5,0.776474,0.206815,0.303468,0.1683,0.245988,0.185377,0.731405,0.385479,0.504871,260,9.62963,3.674185,1.0
exp7c_float32,h5_float32,validation,0.45,3-of-5,5,5,0.776474,0.1358,0.139597,0.128461,0.137672,0.129868,0.698795,0.260726,0.37976,175,6.481481,2.473009,2.0
exp7c_float32,h5_float32,validation,0.45,4-of-7,5,5,0.776474,0.113953,0.111633,0.125518,0.112781,0.123763,0.673184,0.19604,0.303652,117,4.333333,1.653383,0.0
exp7c_float32,h5_float32,validation,0.45,5-of-5,5,5,0.776474,0.056524,0.022483,0.054267,0.03217,0.050252,0.306723,0.066007,0.108635,165,6.111111,2.331694,0.0
exp7c_float32,h5_float32,validation,0.5,1-of-1,5,5,0.776474,0.378943,0.458166,0.108582,0.414806,0.152747,0.744444,0.656106,0.697489,391,14.481481,5.525408,0.0
exp7c_float32,h5_float32,validation,0.5,1-of-3,5,5,0.776474,0.226448,0.512192,0.253009,0.31405,0.285753,0.752761,0.664026,0.705615,291,10.777778,4.11226,0.0
exp7c_float32,h5_float32,validation,0.5,1-of-5,5,5,0.776474,0.202261,0.566331,0.322998,0.298069,0.353739,0.75873,0.669967,0.711591,228,8.444444,3.221977,0.0
exp7c_float32,h5_float32,validation,0.5,1-of-7,5,5,0.776474,0.18888,0.598098,0.371409,0.287095,0.400048,0.762087,0.675248,0.716044,187,6.925926,2.642587,0.0
exp7c_float32,h5_float32,validation,0.5,2-of-3,5,5,0.776474,0.179709,0.167226,0.110378,0.173243,0.11756,0.722785,0.315512,0.439271,219,8.111111,3.094794,1.0
exp7c_float32,h5_float32,validation,0.5,2-of-4,5,5,0.776474,0.218154,0.268568,0.139185,0.24075,0.155531,0.75814,0.350495,0.479372,208,7.703704,2.939348,1.0
exp7c_float32,h5_float32,validation,0.5,3-of-5,5,5,0.776474,0.139608,0.118792,0.105865,0.128362,0.107498,0.713701,0.239604,0.358764,140,5.185185,1.978407,2.0
exp7c_float32,h5_float32,validation,0.5,4-of-7,5,5,0.776474,0.112624,0.091611,0.104377,0.101036,0.102764,0.65411,0.169637,0.269406,101,3.740741,1.427279,0.0
exp7c_float32,h5_float32,validation,0.5,5-of-5,5,5,0.776474,0.056216,0.01745,0.042362,0.026633,0.039215,0.357143,0.056106,0.096977,126,4.666667,1.780566,0.0
exp7c_float32,h5_float32,validation,0.55,1-of-1,5,5,0.776474,0.396106,0.423266,0.093313,0.409236,0.134998,0.769338,0.627063,0.690952,331,12.259259,4.67752,0.0
exp7c_float32,h5_float32,validation,0.55,1-of-3,5,5,0.776474,0.232639,0.472148,0.225204,0.311697,0.256402,0.784192,0.637624,0.703353,243,9.0,3.433949,0.0
exp7c_float32,h5_float32,validation,0.55,1-of-5,5,5,0.776474,0.209097,0.528635,0.289143,0.299664,0.3194,0.79386,0.642904,0.710452,188,6.962963,2.656718,0.0
exp7c_float32,h5_float32,validation,0.55,1-of-7,5,5,0.776474,0.195087,0.560515,0.334417,0.289436,0.362981,0.799218,0.646205,0.714612,154,5.703704,2.176248,0.0
exp7c_float32,h5_float32,validation,0.55,2-of-3,5,5,0.776474,0.179334,0.144631,0.095707,0.160124,0.101888,0.71875,0.283828,0.406954,198,7.333333,2.798033,2.0
exp7c_float32,h5_float32,validation,0.55,2-of-4,5,5,0.776474,0.221632,0.238143,0.12094,0.229591,0.135747,0.778061,0.320792,0.454284,174,6.444444,2.458877,2.0
exp7c_float32,h5_float32,validation,0.55,3-of-5,5,5,0.776474,0.134975,0.099329,0.092052,0.11444,0.092971,0.6975,0.208581,0.321131,121,4.481481,1.709909,2.0
exp7c_float32,h5_float32,validation,0.55,4-of-7,5,5,0.776474,0.109313,0.077069,0.090806,0.090402,0.089071,0.620253,0.149175,0.240506,90,3.333333,1.271833,0.0
exp7c_float32,h5_float32,validation,0.55,5-of-5,5,5,0.776474,0.057278,0.014877,0.035407,0.023619,0.032813,0.394444,0.052145,0.092113,109,4.037037,1.540331,0.0
exp7c_float32,h5_float32,validation,0.6,1-of-1,5,5,0.776474,0.400164,0.381991,0.0828,0.390866,0.120598,0.780309,0.587459,0.670288,299,11.074074,4.225312,0.0
exp7c_float32,h5_float32,validation,0.6,1-of-3,5,5,0.776474,0.232463,0.426286,0.203529,0.300861,0.231671,0.794967,0.59604,0.681279,220,8.148148,3.108925,0.0
exp7c_float32,h5_float32,validation,0.6,1-of-5,5,5,0.776474,0.209768,0.482327,0.262746,0.292379,0.290487,0.803632,0.6,0.687045,173,6.407407,2.444746,0.0
exp7c_float32,h5_float32,validation,0.6,1-of-7,5,5,0.776474,0.196226,0.515324,0.305237,0.284225,0.331779,0.80109,0.60396,0.688696,146,5.407407,2.063196,0.0
exp7c_float32,h5_float32,validation,0.6,2-of-3,5,5,0.776474,0.179079,0.1283,0.085048,0.149495,0.090512,0.726384,0.256106,0.378693,168,6.222222,2.374089,2.0
exp7c_float32,h5_float32,validation,0.6,2-of-4,5,5,0.776474,0.216647,0.206711,0.108081,0.211563,0.120542,0.784397,0.294389,0.428107,152,5.62963,2.147985,2.0
exp7c_float32,h5_float32,validation,0.6,3-of-5,5,5,0.776474,0.135131,0.08915,0.082508,0.107427,0.083347,0.705234,0.192739,0.30274,107,3.962963,1.512068,1.0
exp7c_float32,h5_float32,validation,0.6,4-of-7,5,5,0.776474,0.109717,0.069463,0.081506,0.085068,0.079984,0.61991,0.134653,0.221249,84,3.111111,1.187044,0.0
exp7c_float32,h5_float32,validation,0.6,5-of-5,5,5,0.776474,0.059375,0.012752,0.029212,0.020994,0.027132,0.439306,0.046865,0.084694,97,3.592593,1.370753,0.0
exp7c_float32,h5_float32,validation,0.65,1-of-1,5,5,0.776474,0.399396,0.340157,0.073968,0.367404,0.107597,0.796267,0.555776,0.654633,262,9.703704,3.702448,0.0
exp7c_float32,h5_float32,validation,0.65,1-of-3,5,5,0.776474,0.233072,0.38311,0.182292,0.289824,0.207662,0.809339,0.562376,0.663626,196,7.259259,2.76977,0.0
exp7c_float32,h5_float32,validation,0.65,1-of-5,5,5,0.776474,0.210767,0.437472,0.236882,0.284478,0.262224,0.815545,0.565017,0.667549,159,5.888889,2.246905,0.0
exp7c_float32,h5_float32,validation,0.65,1-of-7,5,5,0.776474,0.197287,0.470134,0.276608,0.277939,0.301057,0.817308,0.568977,0.6709,133,4.925926,1.879487,0.0
exp7c_float32,h5_float32,validation,0.65,2-of-3,5,5,0.776474,0.178752,0.11443,0.076022,0.139535,0.080874,0.738318,0.236964,0.358777,140,5.185185,1.978407,2.0
exp7c_float32,h5_float32,validation,0.65,2-of-4,5,5,0.776474,0.20824,0.176957,0.097292,0.191329,0.107357,0.798347,0.275248,0.409359,122,4.518519,1.72404,2.0
exp7c_float32,h5_float32,validation,0.65,3-of-5,5,5,0.776474,0.134572,0.079418,0.073855,0.099887,0.074558,0.698171,0.168977,0.272098,99,3.666667,1.399016,0.0
exp7c_float32,h5_float32,validation,0.65,4-of-7,5,5,0.776474,0.11054,0.062528,0.072755,0.079874,0.071463,0.628019,0.122112,0.204468,77,2.851852,1.088124,0.0
exp7c_float32,h5_float32,validation,0.65,5-of-5,5,5,0.776474,0.058896,0.010626,0.024554,0.018004,0.022794,0.433962,0.042244,0.076993,90,3.333333,1.271833,0.0
exp7c_float32,h5_float32,test,0.35,1-of-1,5,5,0.885747,0.303738,0.899574,0.251303,0.454138,0.321724,0.630487,0.984678,0.768747,463,20.130435,8.923925,0.0
exp7c_float32,h5_float32,test,0.35,1-of-3,5,5,0.885747,0.200996,0.966466,0.468203,0.332783,0.522329,0.626723,0.9857,0.766252,352,15.304348,6.784496,0.0
exp7c_float32,h5_float32,test,0.35,1-of-5,5,5,0.885747,0.175682,0.987757,0.564815,0.298307,0.610759,0.606183,0.989785,0.751883,293,12.73913,5.647322,0.0
exp7c_float32,h5_float32,test,0.35,1-of-7,5,5,0.885747,0.16232,0.99379,0.625014,0.279059,0.665073,0.616639,0.990807,0.760175,235,10.217391,4.529422,0.0
exp7c_float32,h5_float32,test,0.35,2-of-3,5,5,0.885747,0.194896,0.518985,0.261271,0.283375,0.289266,0.528517,0.365679,0.432271,372,16.173913,7.169979,0.0
exp7c_float32,h5_float32,test,0.35,2-of-4,5,5,0.885747,0.207317,0.678673,0.316237,0.317612,0.355608,0.54611,0.419816,0.474706,315,13.695652,6.071353,0.0
exp7c_float32,h5_float32,test,0.35,3-of-5,5,5,0.885747,0.190594,0.493258,0.255281,0.274948,0.281133,0.537262,0.288049,0.375029,267,11.608696,5.146194,0.0
exp7c_float32,h5_float32,test,0.35,4-of-7,5,5,0.885747,0.190843,0.488112,0.252211,0.2744,0.277837,0.541304,0.249234,0.341315,211,9.173913,4.066843,0.0
exp7c_float32,h5_float32,test,0.35,5-of-5,5,5,0.885747,0.159483,0.170688,0.109629,0.164895,0.116262,0.446281,0.078652,0.133734,201,8.73913,3.874101,2.0
exp7c_float32,h5_float32,test,0.4,1-of-1,5,5,0.885747,0.361341,0.837828,0.180466,0.504919,0.251874,0.696154,0.971399,0.811061,395,17.173913,7.613284,0.0
exp7c_float32,h5_float32,test,0.4,1-of-3,5,5,0.885747,0.227215,0.925834,0.383744,0.364882,0.442631,0.708768,0.974464,0.820646,279,12.130435,5.377484,0.0
exp7c_float32,h5_float32,test,0.4,1-of-5,5,5,0.885747,0.197003,0.963272,0.478496,0.327107,0.531157,0.710811,0.976507,0.82274,214,9.304348,4.124665,0.0
exp7c_float32,h5_float32,test,0.4,1-of-7,5,5,0.885747,0.181281,0.980483,0.539646,0.305989,0.587533,0.714286,0.97855,0.825791,172,7.478261,3.315151,0.0
exp7c_float32,h5_float32,test,0.4,2-of-3,5,5,0.885747,0.214442,0.41785,0.186542,0.283428,0.211669,0.592885,0.291113,0.390491,309,13.434783,5.955708,0.0
exp7c_float32,h5_float32,test,0.4,2-of-4,5,5,0.885747,0.23695,0.59599,0.233896,0.339087,0.27323,0.613703,0.346272,0.442737,265,11.521739,5.107646,0.0
exp7c_float32,h5_float32,test,0.4,3-of-5,5,5,0.885747,0.206099,0.382541,0.179579,0.267876,0.201627,0.616514,0.216547,0.320515,209,9.086957,4.028294,0.0
exp7c_float32,h5_float32,test,0.4,4-of-7,5,5,0.885747,0.206458,0.374379,0.175363,0.266145,0.196982,0.631829,0.174668,0.273678,155,6.73913,2.987491,0.0
exp7c_float32,h5_float32,test,0.4,5-of-5,5,5,0.885747,0.184341,0.124911,0.067356,0.148916,0.073608,0.34767,0.042901,0.076377,182,7.913043,3.507893,4.0
exp7c_float32,h5_float32,test,0.45,1-of-1,5,5,0.885747,0.405403,0.764194,0.136593,0.529766,0.204768,0.745385,0.934627,0.829347,331,14.391304,6.379739,0.0
exp7c_float32,h5_float32,test,0.45,1-of-3,5,5,0.885747,0.247497,0.868524,0.321815,0.385221,0.381204,0.770492,0.941777,0.847567,224,9.73913,4.317406,0.0
exp7c_float32,h5_float32,test,0.45,1-of-5,5,5,0.885747,0.21336,0.920334,0.413519,0.346412,0.468574,0.782667,0.945863,0.856561,163,7.086957,3.141684,0.0
exp7c_float32,h5_float32,test,0.45,1-of-7,5,5,0.885747,0.19591,0.946771,0.473566,0.324643,0.52497,0.784666,0.946885,0.858176,132,5.73913,2.544186,0.0
exp7c_float32,h5_float32,test,0.45,2-of-3,5,5,0.885747,0.22898,0.335344,0.137609,0.272138,0.159089,0.637956,0.243105,0.352054,248,10.782609,4.779986,0.5
exp7c_float32,h5_float32,test,0.45,2-of-4,5,5,0.885747,0.261976,0.513307,0.176228,0.346903,0.212844,0.682927,0.297242,0.414203,208,9.043478,4.00902,1.0
exp7c_float32,h5_float32,test,0.45,3-of-5,5,5,0.885747,0.214988,0.294713,0.131144,0.248615,0.148912,0.617711,0.163432,0.258477,177,7.695652,3.411522,1.0
exp7c_float32,h5_float32,test,0.45,4-of-7,5,5,0.885747,0.214685,0.286373,0.127662,0.245401,0.144903,0.613757,0.139939,0.227913,146,6.347826,2.814024,2.0
exp7c_float32,h5_float32,test,0.45,5-of-5,5,5,0.885747,0.196319,0.096522,0.048154,0.129416,0.053409,0.368664,0.028601,0.053083,137,5.956522,2.640557,4.0
exp7c_float32,h5_float32,test,0.5,1-of-1,5,5,0.885747,0.431872,0.683286,0.109542,0.529238,0.171867,0.763138,0.898876,0.825464,311,13.521739,5.994256,0.0
exp7c_float32,h5_float32,test,0.5,1-of-3,5,5,0.885747,0.259693,0.803407,0.27911,0.39251,0.336064,0.793347,0.903984,0.845059,205,8.913043,3.951198,0.0
exp7c_float32,h5_float32,test,0.5,1-of-5,5,5,0.885747,0.22415,0.873492,0.368456,0.356752,0.423318,0.812987,0.910112,0.858812,144,6.26087,2.775476,0.0
exp7c_float32,h5_float32,test,0.5,1-of-7,5,5,0.885747,0.205193,0.907204,0.428244,0.334686,0.480273,0.817891,0.913177,0.862912,114,4.956522,2.197252,0.0
exp7c_float32,h5_float32,test,0.5,2-of-3,5,5,0.885747,0.234341,0.264194,0.105196,0.248374,0.122468,0.595432,0.194076,0.292736,248,10.782609,4.779986,2.0
exp7c_float32,h5_float32,test,0.5,2-of-4,5,5,0.885747,0.274104,0.427253,0.13789,0.333957,0.169323,0.673375,0.251277,0.365983,211,9.173913,4.066843,2.0
exp7c_float32,h5_float32,test,0.5,3-of-5,5,5,0.885747,0.219754,0.224627,0.097195,0.222164,0.111038,0.537129,0.114402,0.188629,187,8.130435,3.604263,3.0
exp7c_float32,h5_float32,test,0.5,4-of-7,5,5,0.885747,0.219183,0.216111,0.093822,0.217636,0.107106,0.544615,0.094995,0.161773,148,6.434783,2.852572,3.0
exp7c_float32,h5_float32,test,0.5,5-of-5,5,5,0.885747,0.208145,0.081618,0.03784,0.117257,0.042596,0.383648,0.019408,0.036946,98,4.26087,1.888865,4.0
exp7c_float32,h5_float32,test,0.55,1-of-1,5,5,0.885747,0.441126,0.597587,0.092265,0.507573,0.147158,0.783217,0.847804,0.814232,279,12.130435,5.377484,0.0
exp7c_float32,h5_float32,test,0.55,1-of-3,5,5,0.885747,0.267907,0.727999,0.242437,0.391676,0.295183,0.815574,0.852911,0.833825,180,7.826087,3.469344,0.0
exp7c_float32,h5_float32,test,0.55,1-of-5,5,5,0.885747,0.232294,0.812988,0.327437,0.361342,0.380182,0.817121,0.858018,0.83707,141,6.130435,2.717653,0.0
exp7c_float32,h5_float32,test,0.55,1-of-7,5,5,0.885747,0.213333,0.856813,0.385041,0.34161,0.436289,0.825545,0.862104,0.843429,112,4.869565,2.158703,0.0
exp7c_float32,h5_float32,test,0.55,2-of-3,5,5,0.885747,0.230453,0.208659,0.084914,0.219015,0.098356,0.581081,0.154239,0.243772,217,9.434783,4.182488,2.0
exp7c_float32,h5_float32,test,0.55,2-of-4,5,5,0.885747,0.272933,0.343151,0.111402,0.30404,0.136577,0.686998,0.208376,0.319763,195,8.478261,3.758457,2.0
exp7c_float32,h5_float32,test,0.55,3-of-5,5,5,0.885747,0.215926,0.175124,0.077497,0.193397,0.088102,0.518072,0.086823,0.148722,160,6.956522,3.083862,4.0
exp7c_float32,h5_float32,test,0.55,4-of-7,5,5,0.885747,0.212391,0.164833,0.074491,0.185614,0.084305,0.510949,0.072523,0.127017,134,5.826087,2.582734,4.0
exp7c_float32,h5_float32,test,0.55,5-of-5,5,5,0.885747,0.20298,0.070085,0.033537,0.104194,0.037507,0.415929,0.015322,0.029555,66,2.869565,1.272093,3.0
exp7c_float32,h5_float32,test,0.6,1-of-1,5,5,0.885747,0.435562,0.508517,0.080308,0.469221,0.126824,0.778555,0.79571,0.787039,285,12.391304,5.493129,0.0
exp7c_float32,h5_float32,test,0.6,1-of-3,5,5,0.885747,0.268832,0.64017,0.212187,0.378654,0.258678,0.807497,0.80286,0.805172,190,8.26087,3.662086,0.0
exp7c_float32,h5_float32,test,0.6,1-of-5,5,5,0.885747,0.234145,0.733676,0.292451,0.354997,0.340381,0.802043,0.808989,0.805501,155,6.73913,2.987491,0.0
exp7c_float32,h5_float32,test,0.6,1-of-7,5,5,0.885747,0.215624,0.786018,0.348455,0.338413,0.395987,0.816358,0.814096,0.815225,119,5.173913,2.293622,0.0
exp7c_float32,h5_float32,test,0.6,2-of-3,5,5,0.885747,0.221396,0.163769,0.070188,0.188271,0.080354,0.556769,0.121553,0.199542,203,8.826087,3.91265,2.0
exp7c_float32,h5_float32,test,0.6,2-of-4,5,5,0.885747,0.263706,0.269695,0.091768,0.266667,0.111096,0.686411,0.171604,0.274566,180,7.826087,3.469344,3.0
exp7c_float32,h5_float32,test,0.6,3-of-5,5,5,0.885747,0.207202,0.136799,0.063788,0.164796,0.071719,0.496689,0.072523,0.126566,152,6.608696,2.929669,4.0
exp7c_float32,h5_float32,test,0.6,4-of-7,5,5,0.885747,0.205456,0.128282,0.060458,0.157946,0.067826,0.479167,0.058223,0.103829,125,5.434783,2.409267,4.0
exp7c_float32,h5_float32,test,0.6,5-of-5,5,5,0.885747,0.176742,0.054471,0.030921,0.083277,0.033479,0.411111,0.011236,0.021874,53,2.304348,1.021529,7.0
exp7c_float32,h5_float32,test,0.65,1-of-1,5,5,0.885747,0.425995,0.427431,0.070188,0.426712,0.108995,0.780854,0.743616,0.76178,277,12.043478,5.338936,0.0
exp7c_float32,h5_float32,test,0.65,1-of-3,5,5,0.885747,0.266204,0.551632,0.185309,0.359111,0.225103,0.812308,0.749745,0.779773,183,7.956522,3.527167,0.0
exp7c_float32,h5_float32,test,0.65,1-of-5,5,5,0.885747,0.230882,0.640703,0.260103,0.339444,0.301447,0.811705,0.754852,0.782247,148,6.434783,2.852572,0.0
exp7c_float32,h5_float32,test,0.65,1-of-7,5,5,0.885747,0.214635,0.701561,0.312842,0.328706,0.355068,0.822606,0.760981,0.790594,113,4.913043,2.177977,0.0
exp7c_float32,h5_float32,test,0.65,2-of-3,5,5,0.885747,0.208663,0.126508,0.058469,0.157517,0.06586,0.507853,0.094995,0.160052,188,8.173913,3.623538,4.0
exp7c_float32,h5_float32,test,0.65,2-of-4,5,5,0.885747,0.244972,0.203158,0.076308,0.222114,0.090087,0.650099,0.144025,0.235808,176,7.652174,3.392248,3.0
exp7c_float32,h5_float32,test,0.65,3-of-5,5,5,0.885747,0.19888,0.107168,0.052609,0.139283,0.058536,0.453061,0.055158,0.098344,134,5.826087,2.582734,4.0
exp7c_float32,h5_float32,test,0.65,4-of-7,5,5,0.885747,0.200558,0.102023,0.04956,0.135246,0.055259,0.440678,0.037794,0.069617,99,4.304348,1.908139,3.0
exp7c_float32,h5_float32,test,0.65,5-of-5,5,5,0.885747,0.137953,0.037793,0.02878,0.059331,0.029759,0.467742,0.008172,0.016063,33,1.434783,0.636046,13.0
exp7c_int8_tflite,tflite_int8,validation,0.35,1-of-1,5,5,0.804657,0.214787,0.858837,0.454015,0.343635,0.505158,0.471507,0.927393,0.625166,677,25.074074,9.567011,0.0
exp7c_int8_tflite,tflite_int8,validation,0.35,1-of-3,5,5,0.804657,0.166572,0.953356,0.689764,0.283594,0.723065,0.47876,0.943894,0.63529,454,16.814815,6.415692,0.0
exp7c_int8_tflite,tflite_int8,validation,0.35,1-of-5,5,5,0.804657,0.154777,0.975615,0.770413,0.267169,0.796337,0.474576,0.949175,0.632773,341,12.62963,4.818834,0.0
exp7c_int8_tflite,tflite_int8,validation,0.35,1-of-7,5,5,0.804657,0.1485,0.983221,0.81525,0.258029,0.836471,0.462264,0.953795,0.622722,285,10.555556,4.027472,0.0
exp7c_int8_tflite,tflite_int8,validation,0.35,2-of-3,5,5,0.804657,0.17002,0.677629,0.478342,0.271836,0.503519,0.591783,0.711551,0.646164,467,17.296296,6.599401,0.0
exp7c_int8_tflite,tflite_int8,validation,0.35,2-of-4,5,5,0.804657,0.17443,0.811745,0.555561,0.287156,0.587926,0.576446,0.763036,0.656745,410,15.185185,5.793907,0.0
exp7c_int8_tflite,tflite_int8,validation,0.35,3-of-5,5,5,0.804657,0.167686,0.671924,0.482272,0.268391,0.506232,0.596859,0.612541,0.604598,385,14.259259,5.44062,0.0
exp7c_int8_tflite,tflite_int8,validation,0.35,4-of-7,5,5,0.804657,0.164015,0.65962,0.48617,0.262708,0.508083,0.621094,0.556436,0.58699,291,10.777778,4.11226,0.0
exp7c_int8_tflite,tflite_int8,validation,0.35,5-of-5,5,5,0.804657,0.118736,0.197987,0.21249,0.148446,0.210658,0.523529,0.277228,0.362499,567,21.0,8.012549,0.0
exp7c_int8_tflite,tflite_int8,validation,0.4,1-of-1,5,5,0.804657,0.270219,0.71868,0.280668,0.392762,0.336004,0.591111,0.856766,0.699567,644,23.851852,9.100673,0.0
exp7c_int8_tflite,tflite_int8,validation,0.4,1-of-3,5,5,0.804657,0.185651,0.826398,0.524182,0.303191,0.562362,0.613761,0.868647,0.719292,421,15.592593,5.949353,0.0
exp7c_int8_tflite,tflite_int8,validation,0.4,1-of-5,5,5,0.804657,0.17077,0.881432,0.618918,0.286108,0.652083,0.624697,0.877228,0.729733,310,11.481481,4.380759,0.0
exp7c_int8_tflite,tflite_int8,validation,0.4,1-of-7,5,5,0.804657,0.163993,0.911409,0.671859,0.27797,0.702123,0.637854,0.886469,0.741887,243,9.0,3.433949,0.0
exp7c_int8_tflite,tflite_int8,validation,0.4,2-of-3,5,5,0.804657,0.17592,0.427069,0.289289,0.249192,0.306695,0.608033,0.544554,0.574546,566,20.962963,7.998417,0.0
exp7c_int8_tflite,tflite_int8,validation,0.4,2-of-4,5,5,0.804657,0.186616,0.580201,0.365683,0.282401,0.392784,0.627755,0.605941,0.616655,456,16.888889,6.443955,0.0
exp7c_int8_tflite,tflite_int8,validation,0.4,3-of-5,5,5,0.804657,0.162362,0.381096,0.284307,0.22771,0.296535,0.6,0.440924,0.508307,474,17.555556,6.698321,0.0
exp7c_int8_tflite,tflite_int8,validation,0.4,4-of-7,5,5,0.804657,0.153066,0.351007,0.280846,0.213172,0.289709,0.600892,0.370297,0.458219,358,13.259259,5.05907,0.0
exp7c_int8_tflite,tflite_int8,validation,0.4,5-of-5,5,5,0.804657,0.074772,0.054139,0.096872,0.062804,0.091473,0.476726,0.137294,0.21319,326,12.074074,4.606862,3.0
exp7c_int8_tflite,tflite_int8,validation,0.45,1-of-1,5,5,0.804657,0.374771,0.550336,0.132764,0.445895,0.185518,0.676064,0.747855,0.71015,586,21.703704,8.281047,0.0
exp7c_int8_tflite,tflite_int8,validation,0.45,1-of-3,5,5,0.804657,0.218745,0.626286,0.32345,0.324241,0.361709,0.66766,0.757756,0.709861,446,16.518519,6.30264,0.0
exp7c_int8_tflite,tflite_int8,validation,0.45,1-of-5,5,5,0.804657,0.193615,0.685123,0.412623,0.30191,0.447049,0.672693,0.765017,0.71589,344,12.740741,4.861229,0.0
exp7c_int8_tflite,tflite_int8,validation,0.45,1-of-7,5,5,0.804657,0.181358,0.721253,0.470788,0.289837,0.502431,0.669767,0.770297,0.716523,284,10.518519,4.01334,0.0
exp7c_int8_tflite,tflite_int8,validation,0.45,2-of-3,5,5,0.804657,0.185057,0.208613,0.132845,0.19613,0.142417,0.726316,0.353795,0.475816,286,10.592593,4.041603,1.0
exp7c_int8_tflite,tflite_int8,validation,0.45,2-of-4,5,5,0.804657,0.217522,0.339933,0.176825,0.265287,0.197431,0.736455,0.409901,0.526667,287,10.62963,4.055735,1.0
exp7c_int8_tflite,tflite_int8,validation,0.45,3-of-5,5,5,0.804657,0.148422,0.154698,0.128348,0.151495,0.131677,0.720827,0.271287,0.394211,189,7.0,2.67085,2.0
exp7c_int8_tflite,tflite_int8,validation,0.45,4-of-7,5,5,0.804657,0.126134,0.125951,0.126181,0.126042,0.126152,0.686534,0.19802,0.307381,142,5.259259,2.00667,0.0
exp7c_int8_tflite,tflite_int8,validation,0.45,5-of-5,5,5,0.804657,0.039723,0.00962,0.033628,0.015489,0.030595,0.284768,0.044224,0.076559,216,8.0,3.0524,4.0
exp7c_int8_tflite,tflite_int8,validation,0.5,1-of-1,5,5,0.804657,0.477026,0.437808,0.069407,0.456576,0.115949,0.764439,0.638284,0.695688,363,13.444444,5.129727,0.0
exp7c_int8_tflite,tflite_int8,validation,0.5,1-of-3,5,5,0.804657,0.242994,0.489821,0.220659,0.32484,0.254663,0.76569,0.647525,0.701667,280,10.37037,3.956814,0.0
exp7c_int8_tflite,tflite_int8,validation,0.5,1-of-5,5,5,0.804657,0.213152,0.551119,0.29419,0.307409,0.326649,0.772308,0.652145,0.707158,222,8.222222,3.137188,0.0
exp7c_int8_tflite,tflite_int8,validation,0.5,1-of-7,5,5,0.804657,0.197574,0.584899,0.343507,0.295374,0.374004,0.767901,0.657426,0.708382,188,6.962963,2.656718,0.0
exp7c_int8_tflite,tflite_int8,validation,0.5,2-of-3,5,5,0.804657,0.215831,0.127181,0.066819,0.160051,0.074445,0.717073,0.267327,0.389461,232,8.592593,3.278503,2.0
exp7c_int8_tflite,tflite_int8,validation,0.5,2-of-4,5,5,0.804657,0.249086,0.228523,0.099622,0.238362,0.115906,0.782212,0.316172,0.450322,191,7.074074,2.699113,2.0
exp7c_int8_tflite,tflite_int8,validation,0.5,3-of-5,5,5,0.804657,0.156703,0.079754,0.062063,0.105708,0.064298,0.688555,0.181518,0.287298,166,6.148148,2.345826,4.0
exp7c_int8_tflite,tflite_int8,validation,0.5,4-of-7,5,5,0.804657,0.118254,0.055145,0.059459,0.075216,0.058914,0.641399,0.120132,0.202362,123,4.555556,1.738172,3.0
exp7c_int8_tflite,tflite_int8,validation,0.5,5-of-5,5,5,0.804657,0.034539,0.002349,0.009495,0.004399,0.008592,0.192308,0.012541,0.023547,84,3.111111,1.187044,6.0
exp7c_int8_tflite,tflite_int8,validation,0.55,1-of-1,5,5,0.804657,0.546561,0.346644,0.041586,0.42423,0.080125,0.80302,0.565677,0.66377,287,10.62963,4.055735,0.0
exp7c_int8_tflite,tflite_int8,validation,0.55,1-of-3,5,5,0.804657,0.259884,0.391163,0.161086,0.312288,0.190153,0.81858,0.575578,0.675901,207,7.666667,2.925216,0.0
exp7c_int8_tflite,tflite_int8,validation,0.55,1-of-5,5,5,0.804657,0.225238,0.455817,0.226724,0.301495,0.255667,0.8274,0.582838,0.683913,160,5.925926,2.261037,0.0
exp7c_int8_tflite,tflite_int8,validation,0.55,1-of-7,5,5,0.804657,0.207183,0.493624,0.273146,0.291865,0.301001,0.82987,0.587459,0.687934,131,4.851852,1.851224,0.0
exp7c_int8_tflite,tflite_int8,validation,0.55,2-of-3,5,5,0.804657,0.262466,0.087136,0.035407,0.130836,0.041942,0.674487,0.19802,0.306156,222,8.222222,3.137188,2.0
exp7c_int8_tflite,tflite_int8,validation,0.55,2-of-4,5,5,0.804657,0.267586,0.149776,0.059281,0.192054,0.070714,0.742667,0.237624,0.360047,193,7.148148,2.727376,2.0
exp7c_int8_tflite,tflite_int8,validation,0.55,3-of-5,5,5,0.804657,0.185135,0.045973,0.02926,0.073656,0.031372,0.661017,0.126733,0.212688,140,5.185185,1.978407,4.0
exp7c_int8_tflite,tflite_int8,validation,0.55,4-of-7,5,5,0.804657,0.12343,0.02528,0.025961,0.041965,0.025875,0.566802,0.070627,0.125603,107,3.962963,1.512068,6.0
exp7c_int8_tflite,tflite_int8,validation,0.55,5-of-5,5,5,0.804657,0.017007,0.000559,0.004675,0.001083,0.004155,0.193548,0.0033,0.00649,25,0.925926,0.353287,13.0
exp7c_int8_tflite,tflite_int8,validation,0.6,1-of-1,5,5,0.804657,0.585533,0.258054,0.026414,0.35823,0.055678,0.783576,0.481848,0.59674,282,10.444444,3.985077,0.0
exp7c_int8_tflite,tflite_int8,validation,0.6,1-of-3,5,5,0.804657,0.26909,0.295638,0.11612,0.28174,0.138799,0.806851,0.489109,0.609028,203,7.518519,2.86869,0.0
exp7c_int8_tflite,tflite_int8,validation,0.6,1-of-5,5,5,0.804657,0.22827,0.350447,0.171325,0.276462,0.193955,0.834664,0.49901,0.624599,145,5.37037,2.049064,0.0
exp7c_int8_tflite,tflite_int8,validation,0.6,1-of-7,5,5,0.804657,0.208953,0.386353,0.211504,0.271221,0.233593,0.84,0.506271,0.631771,120,4.444444,1.695778,0.0
exp7c_int8_tflite,tflite_int8,validation,0.6,2-of-3,5,5,0.804657,0.315821,0.059843,0.018747,0.100621,0.023939,0.659134,0.155776,0.251996,181,6.703704,2.557798,2.0
exp7c_int8_tflite,tflite_int8,validation,0.6,2-of-4,5,5,0.804657,0.288417,0.097204,0.034679,0.145403,0.042578,0.72402,0.190099,0.301133,162,6.0,2.2893,2.0
exp7c_int8_tflite,tflite_int8,validation,0.6,3-of-5,5,5,0.804657,0.205556,0.024832,0.013878,0.044311,0.015262,0.632727,0.081188,0.14391,101,3.740741,1.427279,4.0
exp7c_int8_tflite,tflite_int8,validation,0.6,4-of-7,5,5,0.804657,0.101673,0.008837,0.01129,0.01626,0.01098,0.519685,0.032343,0.060897,61,2.259259,0.86202,9.0
exp7c_int8_tflite,tflite_int8,validation,0.6,5-of-5,5,5,0.804657,0.0,0.0,0.002717,0.0,0.002374,0.0,0.0,0.0,20,0.740741,0.28263,
exp7c_int8_tflite,tflite_int8,validation,0.65,1-of-1,5,5,0.804657,0.632613,0.180089,0.015124,0.280366,0.035965,0.770126,0.384158,0.512613,237,8.777778,3.349161,0.0
exp7c_int8_tflite,tflite_int8,validation,0.65,1-of-3,5,5,0.804657,0.281307,0.20604,0.076119,0.237862,0.092533,0.794725,0.391419,0.524507,179,6.62963,2.529535,0.0
exp7c_int8_tflite,tflite_int8,validation,0.65,1-of-5,5,5,0.804657,0.232147,0.243624,0.116524,0.237747,0.132582,0.807087,0.39604,0.531346,147,5.444444,2.077327,0.0
exp7c_int8_tflite,tflite_int8,validation,0.65,1-of-7,5,5,0.804657,0.212394,0.274497,0.147192,0.239485,0.163275,0.828313,0.4033,0.542474,114,4.222222,1.610989,0.0
exp7c_int8_tflite,tflite_int8,validation,0.65,2-of-3,5,5,0.804657,0.405782,0.042394,0.008977,0.076767,0.013199,0.719355,0.10099,0.177115,87,3.222222,1.229439,2.0
exp7c_int8_tflite,tflite_int8,validation,0.65,2-of-4,5,5,0.804657,0.331389,0.063535,0.018536,0.106627,0.024221,0.752809,0.126073,0.215976,88,3.259259,1.24357,2.0
exp7c_int8_tflite,tflite_int8,validation,0.65,3-of-5,5,5,0.804657,0.268376,0.017562,0.006923,0.032966,0.008267,0.765101,0.051485,0.096478,35,1.296296,0.494602,4.0
exp7c_int8_tflite,tflite_int8,validation,0.65,4-of-7,5,5,0.804657,0.123007,0.00604,0.006227,0.011515,0.006204,0.714286,0.021782,0.042275,18,0.666667,0.254367,12.0
exp7c_int8_tflite,tflite_int8,validation,0.65,5-of-5,5,5,0.804657,0.0,0.0,0.001165,0.0,0.001017,0.0,0.0,0.0,15,0.555556,0.211972,
exp7c_int8_tflite,tflite_int8,test,0.35,1-of-1,5,5,0.889437,0.199853,0.964514,0.470603,0.3311,0.524257,0.486641,0.997957,0.654247,538,23.391304,10.369485,0.0
exp7c_int8_tflite,tflite_int8,test,0.35,1-of-3,5,5,0.889437,0.142864,0.993258,0.726231,0.249799,0.755238,0.518106,0.997957,0.682092,346,15.043478,6.668851,0.0
exp7c_int8_tflite,tflite_int8,test,0.35,1-of-5,5,5,0.889437,0.12933,0.998403,0.819123,0.228996,0.838598,0.551724,0.997957,0.710594,221,9.608696,4.259584,0.0
exp7c_int8_tflite,tflite_int8,test,0.35,1-of-7,5,5,0.889437,0.122656,0.999113,0.870932,0.218489,0.884856,0.570652,0.998979,0.726374,158,6.869565,3.045313,0.0
exp7c_int8_tflite,tflite_int8,test,0.35,2-of-3,5,5,0.889437,0.148622,0.697303,0.486799,0.24502,0.509666,0.414946,0.596527,0.489438,595,25.869565,11.468111,0.0
exp7c_int8_tflite,tflite_int8,test,0.35,2-of-4,5,5,0.889437,0.151627,0.831796,0.567172,0.256497,0.595918,0.415049,0.6476,0.505878,482,20.956522,9.290134,0.0
exp7c_int8_tflite,tflite_int8,test,0.35,3-of-5,5,5,0.889437,0.14576,0.675834,0.482691,0.239801,0.503672,0.434673,0.512768,0.470502,450,19.565217,8.673361,0.0
exp7c_int8_tflite,tflite_int8,test,0.35,4-of-7,5,5,0.889437,0.146408,0.67406,0.478928,0.240565,0.500125,0.448916,0.473953,0.461095,356,15.478261,6.861592,0.0
exp7c_int8_tflite,tflite_int8,test,0.35,5-of-5,5,5,0.889437,0.137746,0.310149,0.236599,0.190767,0.244589,0.3696,0.21859,0.27471,394,17.130435,7.59401,0.0
exp7c_int8_tflite,tflite_int8,test,0.4,1-of-1,5,5,0.889437,0.278326,0.926189,0.292668,0.428027,0.361486,0.537302,0.991828,0.697013,614,26.695652,11.83432,0.0
exp7c_int8_tflite,tflite_int8,test,0.4,1-of-3,5,5,0.889437,0.181286,0.978353,0.538457,0.305891,0.586242,0.544252,0.993871,0.703346,448,19.478261,8.634813,0.0
exp7c_int8_tflite,tflite_int8,test,0.4,1-of-5,5,5,0.889437,0.158685,0.993612,0.641988,0.273665,0.680184,0.532798,0.994893,0.693958,349,15.173913,6.726673,0.0
exp7c_int8_tflite,tflite_int8,test,0.4,1-of-7,5,5,0.889437,0.146976,0.996806,0.70504,0.256179,0.736735,0.533113,0.996936,0.694722,282,12.26087,5.435306,0.0
exp7c_int8_tflite,tflite_int8,test,0.4,2-of-3,5,5,0.889437,0.184909,0.55873,0.300149,0.277861,0.328239,0.527902,0.447395,0.484326,423,18.391304,8.15296,0.0
exp7c_int8_tflite,tflite_int8,test,0.4,2-of-4,5,5,0.889437,0.193273,0.723918,0.36824,0.305092,0.406877,0.515803,0.500511,0.508042,383,16.652174,7.381994,0.0
exp7c_int8_tflite,tflite_int8,test,0.4,3-of-5,5,5,0.889437,0.181474,0.535664,0.294441,0.271103,0.320645,0.546282,0.355465,0.430684,299,13.0,5.762967,0.0
exp7c_int8_tflite,tflite_int8,test,0.4,4-of-7,5,5,0.889437,0.181813,0.534244,0.292992,0.271298,0.319199,0.565714,0.312564,0.402656,228,9.913043,4.394503,0.0
exp7c_int8_tflite,tflite_int8,test,0.4,5-of-5,5,5,0.889437,0.155334,0.182399,0.120873,0.167782,0.127556,0.419664,0.094995,0.154922,242,10.521739,4.664341,1.0
exp7c_int8_tflite,tflite_int8,test,0.45,1-of-1,5,5,0.889437,0.399524,0.804649,0.147383,0.533938,0.218781,0.685091,0.955056,0.797856,433,18.826087,8.345701,0.0
exp7c_int8_tflite,tflite_int8,test,0.45,1-of-3,5,5,0.889437,0.237592,0.893542,0.349428,0.375373,0.408535,0.70977,0.960163,0.816195,303,13.173913,5.840063,0.0
exp7c_int8_tflite,tflite_int8,test,0.45,1-of-5,5,5,0.889437,0.203225,0.941448,0.449824,0.334289,0.503228,0.709114,0.968335,0.818695,233,10.130435,4.490874,0.0
exp7c_int8_tflite,tflite_int8,test,0.45,1-of-7,5,5,0.889437,0.186004,0.963982,0.514109,0.311838,0.562978,0.721003,0.972421,0.828048,178,7.73913,3.430796,0.0
exp7c_int8_tflite,tflite_int8,test,0.45,2-of-3,5,5,0.889437,0.235187,0.368346,0.145977,0.287077,0.170133,0.58665,0.265577,0.365632,322,14.0,6.206272,1.0
exp7c_int8_tflite,tflite_int8,test,0.45,2-of-4,5,5,0.889437,0.259619,0.544713,0.18931,0.351641,0.227917,0.615085,0.322778,0.42338,296,12.869565,5.705144,1.0
exp7c_int8_tflite,tflite_int8,test,0.45,3-of-5,5,5,0.889437,0.2253,0.326118,0.136658,0.266493,0.157238,0.586207,0.183861,0.279925,216,9.391304,4.163213,2.0
exp7c_int8_tflite,tflite_int8,test,0.45,4-of-7,5,5,0.889437,0.224142,0.312988,0.13203,0.261217,0.151687,0.60804,0.144025,0.232886,156,6.782609,3.006765,2.0
exp7c_int8_tflite,tflite_int8,test,0.45,5-of-5,5,5,0.889437,0.209287,0.110362,0.050814,0.144517,0.057283,0.366071,0.027579,0.051294,142,6.173913,2.736927,4.0
exp7c_int8_tflite,tflite_int8,test,0.5,1-of-1,5,5,0.889437,0.452825,0.607168,0.089411,0.51876,0.145655,0.744741,0.863126,0.799575,364,15.826087,7.015786,0.0
exp7c_int8_tflite,tflite_int8,test,0.5,1-of-3,5,5,0.889437,0.266684,0.725337,0.243064,0.389983,0.295453,0.776065,0.867211,0.819111,247,10.73913,4.760712,0.0
exp7c_int8_tflite,tflite_int8,test,0.5,1-of-5,5,5,0.889437,0.229754,0.815472,0.333168,0.358502,0.38556,0.769676,0.874362,0.818686,199,8.652174,3.835553,0.0
exp7c_int8_tflite,tflite_int8,test,0.5,1-of-7,5,5,0.889437,0.210227,0.864443,0.395766,0.338204,0.446678,0.778417,0.882533,0.827212,154,6.695652,2.968217,0.0
exp7c_int8_tflite,tflite_int8,test,0.5,2-of-3,5,5,0.889437,0.242677,0.211675,0.080503,0.226118,0.094752,0.571688,0.150153,0.237838,236,10.26087,4.548696,2.0
exp7c_int8_tflite,tflite_int8,test,0.5,2-of-4,5,5,0.889437,0.278331,0.337296,0.10658,0.30499,0.131642,0.663623,0.207354,0.315979,221,9.608696,4.259584,3.0
exp7c_int8_tflite,tflite_int8,test,0.5,3-of-5,5,5,0.889437,0.228979,0.176366,0.072372,0.199258,0.083669,0.527697,0.081716,0.141518,162,7.043478,3.12241,4.0
exp7c_int8_tflite,tflite_int8,test,0.5,4-of-7,5,5,0.889437,0.234089,0.170334,0.067918,0.197186,0.079043,0.56917,0.069459,0.123808,109,4.73913,2.100881,5.5
exp7c_int8_tflite,tflite_int8,test,0.5,5-of-5,5,5,0.889437,0.223596,0.077005,0.032586,0.114557,0.037411,0.445545,0.013279,0.025789,56,2.434783,1.079352,4.0
exp7c_int8_tflite,tflite_int8,test,0.55,1-of-1,5,5,0.889437,0.455665,0.426721,0.062123,0.440718,0.101729,0.754038,0.754852,0.754445,335,14.565217,6.456836,0.0
exp7c_int8_tflite,tflite_int8,test,0.55,1-of-3,5,5,0.889437,0.272932,0.536373,0.17413,0.361776,0.21348,0.781768,0.759959,0.770709,237,10.304348,4.56797,0.0
exp7c_int8_tflite,tflite_int8,test,0.55,1-of-5,5,5,0.889437,0.23286,0.624911,0.250892,0.33929,0.291521,0.779545,0.766088,0.772758,194,8.434783,3.739182,0.0
exp7c_int8_tflite,tflite_int8,test,0.55,1-of-7,5,5,0.889437,0.215013,0.689674,0.306852,0.327823,0.348438,0.787088,0.771195,0.77906,155,6.73913,2.987491,0.0
exp7c_int8_tflite,tflite_int8,test,0.55,2-of-3,5,5,0.889437,0.228497,0.124911,0.051398,0.161523,0.059384,0.516667,0.08478,0.145659,174,7.565217,3.3537,5.0
exp7c_int8_tflite,tflite_int8,test,0.55,2-of-4,5,5,0.889437,0.263222,0.192512,0.065669,0.222382,0.079448,0.653763,0.127681,0.213639,161,7.0,3.103136,3.0
exp7c_int8_tflite,tflite_int8,test,0.55,3-of-5,5,5,0.889437,0.224752,0.108588,0.045646,0.146429,0.052483,0.466667,0.039837,0.073407,104,4.521739,2.00451,7.0
exp7c_int8_tflite,tflite_int8,test,0.55,4-of-7,5,5,0.889437,0.22678,0.103974,0.043203,0.142579,0.049804,0.463768,0.032686,0.061069,74,3.217391,1.426286,7.5
exp7c_int8_tflite,tflite_int8,test,0.55,5-of-5,5,5,0.889437,0.193769,0.045245,0.022942,0.07336,0.025365,0.516129,0.009193,0.018064,30,1.304348,0.578224,7.0
exp7c_int8_tflite,tflite_int8,test,0.6,1-of-1,5,5,0.889437,0.468119,0.312633,0.043289,0.374894,0.072548,0.765571,0.653728,0.705243,271,11.782609,5.223291,0.0
exp7c_int8_tflite,tflite_int8,test,0.6,1-of-3,5,5,0.889437,0.273066,0.402768,0.130668,0.325471,0.160226,0.79106,0.656793,0.717701,201,8.73913,3.874101,0.0
exp7c_int8_tflite,tflite_int8,test,0.6,1-of-5,5,5,0.889437,0.228419,0.470901,0.19385,0.307621,0.223946,0.797724,0.6619,0.723493,160,6.956522,3.083862,0.0
exp7c_int8_tflite,tflite_int8,test,0.6,1-of-7,5,5,0.889437,0.209866,0.525373,0.241053,0.299924,0.271939,0.801527,0.670072,0.729928,130,5.652174,2.505638,0.0
exp7c_int8_tflite,tflite_int8,test,0.6,2-of-3,5,5,0.889437,0.21334,0.077182,0.034683,0.113355,0.0393,0.476793,0.054137,0.097233,124,5.391304,2.389993,7.0
exp7c_int8_tflite,tflite_int8,test,0.6,2-of-4,5,5,0.889437,0.248907,0.121185,0.044565,0.163007,0.052888,0.585366,0.085802,0.149666,136,5.913043,2.621283,4.0
exp7c_int8_tflite,tflite_int8,test,0.6,3-of-5,5,5,0.889437,0.202087,0.065295,0.031418,0.098699,0.035098,0.495798,0.02145,0.041122,60,2.608696,1.156448,11.0
exp7c_int8_tflite,tflite_int8,test,0.6,4-of-7,5,5,0.889437,0.199205,0.062278,0.03051,0.094891,0.033961,0.480519,0.015322,0.029697,40,1.73913,0.770965,11.0
exp7c_int8_tflite,tflite_int8,test,0.6,5-of-5,5,5,0.889437,0.180165,0.01934,0.010725,0.03493,0.011661,0.25,0.004086,0.00804,51,2.217391,0.982981,76.0
exp7c_int8_tflite,tflite_int8,test,0.65,1-of-1,5,5,0.889437,0.537587,0.21824,0.022877,0.310449,0.044099,0.744479,0.512768,0.607272,243,10.565217,4.683615,0.0
exp7c_int8_tflite,tflite_int8,test,0.65,1-of-3,5,5,0.889437,0.27433,0.281583,0.090773,0.277909,0.111501,0.773399,0.515832,0.618887,184,8.0,3.546441,0.0
exp7c_int8_tflite,tflite_int8,test,0.65,1-of-5,5,5,0.889437,0.224603,0.336586,0.141609,0.269422,0.162789,0.776957,0.52094,0.623698,151,6.565217,2.910395,0.0
exp7c_int8_tflite,tflite_int8,test,0.65,1-of-7,5,5,0.889437,0.204331,0.380057,0.180358,0.265773,0.202051,0.787671,0.526047,0.630808,124,5.391304,2.389993,0.0
exp7c_int8_tflite,tflite_int8,test,0.65,2-of-3,5,5,0.889437,0.220917,0.033357,0.014336,0.057962,0.016402,0.385621,0.026558,0.049693,94,4.086957,1.811769,12.0
exp7c_int8_tflite,tflite_int8,test,0.65,2-of-4,5,5,0.889437,0.25416,0.059617,0.02132,0.096579,0.02548,0.561644,0.059244,0.107182,96,4.173913,1.850317,5.5
exp7c_int8_tflite,tflite_int8,test,0.65,3-of-5,5,5,0.889437,0.201399,0.02555,0.012347,0.045347,0.013781,0.275,0.008172,0.015872,58,2.521739,1.1179,62.5
exp7c_int8_tflite,tflite_int8,test,0.65,4-of-7,5,5,0.889437,0.200308,0.023066,0.011222,0.041368,0.012509,0.254237,0.006129,0.011969,44,1.913043,0.848062,68.5
exp7c_int8_tflite,tflite_int8,test,0.65,5-of-5,5,5,0.889437,0.431818,0.006742,0.001081,0.013277,0.001696,0.375,0.002043,0.004064,15,0.652174,0.289112,115.0
