# ESP-IDF Partition Table - ESP32-S3 16MB Flash, no OTA (N16R8 board), v2
# 2026-08-08, N16R8 (ESP32-S3-WROOM-1-N16R8: 16MB Flash / 8MB PSRAM)
# vs esp32s3_16m_noota.csv: ota_0 shrunk 15MB -> 11MB (0x10000..0xB10000) to
#   make room for a 4MB SPIFFS data partition (0xB10000..0xF10000) used for
#   ECG recording storage (250Hz int16, ~43 min raw 3-channel data);
#   layout change requires erase flash + full reflash (pio run -t erase),
#   otherwise the filesystem contents will not match the new partition table.
# NOTE: keep this file pure ASCII - PlatformIO parses partition CSVs with the
#   system locale encoding (GBK on zh-CN Windows); UTF-8 comments crash builds.
# Name,   Type, SubType, Offset,  Size, Flags
# bootloader.bin,,          0x1000, 32K
# partition table,          0x8000, 4K

nvs,      data, nvs,     0x9000,  20K,
otadata,  data, ota,     0xe000,  8K,
ota_0,    app,  ota_0,   0x10000, 11M,
ecgdata,  data, spiffs,  0xb10000, 4M,
